Description,Global ID,ISO 25010:2023 Category,Last Edited,Last Edited By,Normative Reference,Priority,Related Story,Req ID,Status,TR,TR ID,Type
The system shall allow the Planner to select an equipment unit (ISO 14224 Level 6) and link one or more maintainable items (Level 8) to the preventive plan.,1,Functional Suitability,"September 24, 2026 7:20 AM",juan david julio serrano,ISO 14224 taxonomy and boundaries,High,Preventive Maintenance Scheduling (https://app.notion.com/p/Preventive-Maintenance-Scheduling-39287c56a82880eba0dffcbd0689d5d2?pvs=21),FR-001,Approved,,,FR
The plan creation form shall allow defining a preventive maintenance frequency strictly based on calendar time intervals.,2,Functional Suitability,"September 24, 2026 7:20 AM",juan david julio serrano,Wireman Vol 4 - The Core CMMS Engine,High,Preventive Maintenance Scheduling (https://app.notion.com/p/Preventive-Maintenance-Scheduling-39287c56a82880eba0dffcbd0689d5d2?pvs=21),FR-002,Approved,,,FR
The system shall automatically calculate the date of the next Work Order based on the selected frequency and the last registered closure of the plan.,3,Functional Suitability,"September 24, 2026 7:20 AM",juan david julio serrano,ISO 14224 recommended data and maintenance history,High,Preventive Maintenance Scheduling (https://app.notion.com/p/Preventive-Maintenance-Scheduling-39287c56a82880eba0dffcbd0689d5d2?pvs=21),FR-003,Approved,,,FR
"The system shall block saving the plan if any mandatory technical fields are missing (equipment unit, maintainable item, and frequency).",4,Functional Suitability,"September 24, 2026 7:20 AM",juan david julio serrano,ISO 14224 recommended data and validation,High,Preventive Maintenance Scheduling (https://app.notion.com/p/Preventive-Maintenance-Scheduling-39287c56a82880eba0dffcbd0689d5d2?pvs=21),FR-004,Approved,,,FR
The system shall automatically project and generate Work Orders according to the defined time interval without manual intervention.,5,Functional Suitability,"September 24, 2026 7:20 AM",juan david julio serrano,Wireman Vol 4 - The Core CMMS Engine,High,Preventive Maintenance Scheduling (https://app.notion.com/p/Preventive-Maintenance-Scheduling-39287c56a82880eba0dffcbd0689d5d2?pvs=21),FR-005,Approved,,,FR
"The system shall display a registry of active preventive plans that exposes key tracking attributes (equipment unit, maintainable item, time frequency, next estimated work order date, and status).",6,Functional Suitability,"September 24, 2026 7:20 AM",juan david julio serrano,Wireman Vol 4 - The Core CMMS Engine,High,Preventive Maintenance Scheduling (https://app.notion.com/p/Preventive-Maintenance-Scheduling-39287c56a82880eba0dffcbd0689d5d2?pvs=21),FR-006,Approved,,,FR
The scheduling service must have fault tolerance and automatic retry mechanisms to recover from service interruptions.,7,Reliability,"September 24, 2026 7:21 AM",juan david julio serrano,Offline-First Design Principles (Google Developers),High,Preventive Maintenance Scheduling (https://app.notion.com/p/Preventive-Maintenance-Scheduling-39287c56a82880eba0dffcbd0689d5d2?pvs=21),NFR-007,Approved,,,NFR
The management interface shall respond to user interactions in under 1 second to maintain planning workflow fluidity.,8,Performance Efficiency,"September 24, 2026 7:21 AM",juan david julio serrano,The High Performance HMI Handbook (Hollifield),Medium,Preventive Maintenance Scheduling (https://app.notion.com/p/Preventive-Maintenance-Scheduling-39287c56a82880eba0dffcbd0689d5d2?pvs=21),NFR-008,Approved,,,NFR
The system shall support the continuous growth of plan volumes without perceptible performance degradation.,9,Performance Efficiency,"September 24, 2026 7:21 AM",juan david julio serrano,ISO/IEC 25010:2023 - Performance Efficiency (Capacity),Medium,Preventive Maintenance Scheduling (https://app.notion.com/p/Preventive-Maintenance-Scheduling-39287c56a82880eba0dffcbd0689d5d2?pvs=21),NFR-009,Approved,,,NFR
"The system shall allow a Technician to register the closure of a Work Order from a mobile device, including Actual Man-Hours.",10,Functional Suitability,"September 24, 2026 7:36 AM",juan david julio serrano,Wireman Vol 4 - The Core CMMS Engine,High,Digital WO Closure with ISO 14224 Taxonomy (https://app.notion.com/p/Digital-WO-Closure-with-ISO-14224-Taxonomy-39287c56a82880fc8cecd71f40e671d1?pvs=21),FR-010,Approved,,,FR
"The closure form shall allow selecting and saving the Maintainable Item (Level 8), Failure Mode, Failure Mechanism, and Failure Cause, strictly using the ISO 14224 taxonomy.",11,Functional Suitability,"September 24, 2026 7:36 AM",juan david julio serrano,ISO 14224 failure data and taxonomies,High,Digital WO Closure with ISO 14224 Taxonomy (https://app.notion.com/p/Digital-WO-Closure-with-ISO-14224-Taxonomy-39287c56a82880fc8cecd71f40e671d1?pvs=21),FR-011,Approved,,,FR
The system shall block the Work Order status transition until mandatory taxonomy fields are completed; it shall display a specific error message if fields are missing to enforce ISO 14224 compliance.,12,Functional Suitability,"September 24, 2026 7:36 AM",juan david julio serrano,ISO 14224 mandatory data constraints,High,Digital WO Closure with ISO 14224 Taxonomy (https://app.notion.com/p/Digital-WO-Closure-with-ISO-14224-Taxonomy-39287c56a82880fc8cecd71f40e671d1?pvs=21),FR-012,Approved,,,FR
The system shall allow attaching multimedia (photo/video); files must be linked to the Work Order and remain visible to the Supervisor and Reliability Engineer.,13,Functional Suitability,"September 24, 2026 7:36 AM",juan david julio serrano,SMRP Best Practices (CMMS Data Quality),Medium,Digital WO Closure with ISO 14224 Taxonomy (https://app.notion.com/p/Digital-WO-Closure-with-ISO-14224-Taxonomy-39287c56a82880fc8cecd71f40e671d1?pvs=21),FR-013,Approved,,,FR
"Upon form submission, the Work Order status shall transition to 'Pending Review', and an event notification shall be triggered for the Reliability Engineer.",14,Functional Suitability,"September 24, 2026 7:36 AM",juan david julio serrano,Wireman Vol 4 - The Core CMMS Engine,High,Digital WO Closure with ISO 14224 Taxonomy (https://app.notion.com/p/Digital-WO-Closure-with-ISO-14224-Taxonomy-39287c56a82880fc8cecd71f40e671d1?pvs=21),FR-014,Approved,,,FR
The local persistent storage must guarantee data integrity against unexpected shutdowns and support retry mechanisms.,15,Reliability,"September 24, 2026 7:36 AM",juan david julio serrano,Offline-First Design Principles (Google Developers),High,Digital WO Closure with ISO 14224 Taxonomy (https://app.notion.com/p/Digital-WO-Closure-with-ISO-14224-Taxonomy-39287c56a82880fc8cecd71f40e671d1?pvs=21),NFR-015,Approved,,,NFR
The system shall process operations on the mobile interface in under 2 seconds to prevent disrupting field workflow.,16,Performance Efficiency,"September 24, 2026 7:36 AM",juan david julio serrano,The High Performance HMI Handbook (Hollifield),Medium,Digital WO Closure with ISO 14224 Taxonomy (https://app.notion.com/p/Digital-WO-Closure-with-ISO-14224-Taxonomy-39287c56a82880fc8cecd71f40e671d1?pvs=21),NFR-016,Approved,,,NFR
The system must be compatible with standard mobile operating systems used in the industrial environment.,17,Flexibility,"September 24, 2026 7:36 AM",juan david julio serrano,W3C Mobile Web Application Best Practices / PWA Core Criteria,Medium,Digital WO Closure with ISO 14224 Taxonomy (https://app.notion.com/p/Digital-WO-Closure-with-ISO-14224-Taxonomy-39287c56a82880fc8cecd71f40e671d1?pvs=21),NFR-017,Approved,,,NFR
The system shall allow a Contractor to upload work reports in PDF or image format linked to a specific Work Order.,18,Functional Suitability,"September 24, 2026 7:38 AM",juan david julio serrano,Wireman Vol 4 - The Core CMMS Engine,High,Contractor Report Upload (https://app.notion.com/p/Contractor-Report-Upload-39287c56a828804b8a4ef436e62077bb?pvs=21),FR-018,Approved,,,FR
"Upon file upload, the system shall require the selection of the Maintainable Item (Level 8) to which the report belongs, ensuring ISO 14224 hierarchical traceability.",19,Functional Suitability,"September 24, 2026 7:38 AM",juan david julio serrano,ISO 14224 failure data and taxonomies,High,Contractor Report Upload (https://app.notion.com/p/Contractor-Report-Upload-39287c56a828804b8a4ef436e62077bb?pvs=21),FR-019,Approved,,,FR
"The system shall validate file formats against an authorized whitelist (e.g., PDF, JPG, PNG) and reject unauthorized extensions to prevent malicious payloads.",20,Functional Suitability,"September 24, 2026 7:38 AM",juan david julio serrano,OWASP Secure Coding Practices (File Upload Validation),High,Contractor Report Upload (https://app.notion.com/p/Contractor-Report-Upload-39287c56a828804b8a4ef436e62077bb?pvs=21),FR-020,Approved,,,FR
The system shall send an automated notification to the assigned Supervisor when a new report is uploaded to a Work Order under their purview.,21,Functional Suitability,"September 24, 2026 7:38 AM",juan david julio serrano,Wireman Vol 4 - The Core CMMS Engine,Medium,Contractor Report Upload (https://app.notion.com/p/Contractor-Report-Upload-39287c56a828804b8a4ef436e62077bb?pvs=21),FR-021,Approved,,,FR
"The system shall allow the Supervisor to view, download, and approve/reject uploaded reports directly from the Work Order review interface.",22,Functional Suitability,"September 24, 2026 7:38 AM",juan david julio serrano,Wireman Vol 4 - The Core CMMS Engine,High,Contractor Report Upload (https://app.notion.com/p/Contractor-Report-Upload-39287c56a828804b8a4ef436e62077bb?pvs=21),FR-022,Approved,,,FR
The system shall allow users to filter attached documents by Maintainable Item within the Work Order view.,23,Functional Suitability,"September 24, 2026 7:38 AM",juan david julio serrano,Nielsen Norman Group (NN/g) - Information Filtering,Low,Contractor Report Upload (https://app.notion.com/p/Contractor-Report-Upload-39287c56a828804b8a4ef436e62077bb?pvs=21),FR-023,Approved,,,FR
The system shall allow the Contractor to delete an erroneously uploaded file PROVIDED THAT the Work Order has not yet been submitted for review.,24,Functional Suitability,"September 24, 2026 7:38 AM",juan david julio serrano,Nielsen Norman Group (NN/g) - 10 Usability Heuristics (User Control and Freedom),Medium,Contractor Report Upload (https://app.notion.com/p/Contractor-Report-Upload-39287c56a828804b8a4ef436e62077bb?pvs=21),FR-024,Approved,,,FR
The system shall support files up to 50 MB per individual upload.,25,Performance Efficiency,"September 24, 2026 7:39 AM",juan david julio serrano,ISO/IEC 25010:2023 - Performance Efficiency (Capacity),Medium,Contractor Report Upload (https://app.notion.com/p/Contractor-Report-Upload-39287c56a828804b8a4ef436e62077bb?pvs=21),NFR-025,Approved,,,NFR
The upload processing and confirmation time must be < 5 seconds under normal network conditions.,26,Performance Efficiency,"September 24, 2026 7:39 AM",juan david julio serrano,ISO/IEC 25010:2023 - Performance Efficiency (Time behavior),Medium,Contractor Report Upload (https://app.notion.com/p/Contractor-Report-Upload-39287c56a828804b8a4ef436e62077bb?pvs=21),NFR-026,Approved,,,NFR
The document storage infrastructure must feature redundancy to prevent the loss of critical technical evidence.,27,Reliability,"September 24, 2026 7:39 AM",juan david julio serrano,ISO/IEC 25010:2023 - Reliability (Recoverability),High,Contractor Report Upload (https://app.notion.com/p/Contractor-Report-Upload-39287c56a828804b8a4ef436e62077bb?pvs=21),NFR-027,Approved,,,NFR
The upload interface shall be fully functional and maintain visual consistency across both desktop browsers and mobile devices.,28,Interaction Capability,"September 24, 2026 7:39 AM",juan david julio serrano,W3C Responsive Web Design (RWD) Guidelines,Medium,Contractor Report Upload (https://app.notion.com/p/Contractor-Report-Upload-39287c56a828804b8a4ef436e62077bb?pvs=21),NFR-028,Approved,,,NFR
The system shall perform automated malware scanning on all uploaded files before allowing them to be viewed or downloaded by other users.,29,Security,"September 24, 2026 7:39 AM",juan david julio serrano,OWASP Application Security Verification Standard (V12),Low,Contractor Report Upload (https://app.notion.com/p/Contractor-Report-Upload-39287c56a828804b8a4ef436e62077bb?pvs=21),NFR-029,Approved,,,NFR
The Supervisor can initiate automatic extraction via the corresponding function in the Work Order attachment management interface.,30,Functional Suitability,"September 24, 2026 7:41 AM",juan david julio serrano,Nielsen Norman Group (NN/g) - AI and UI Guidelines (HITL),High,Automatic Report Data Extraction (https://app.notion.com/p/Automatic-Report-Data-Extraction-39287c56a828809c946bf3e5356cc056?pvs=21),FR-030,Approved,,,FR
"The system shall analyze the digital document to extract: labor hours, bill of materials, and a technical summary of the work.",31,Functional Suitability,"September 24, 2026 7:41 AM",juan david julio serrano,ISO 55000: Asset Management - Information Requirements,High,Automatic Report Data Extraction (https://app.notion.com/p/Automatic-Report-Data-Extraction-39287c56a828809c946bf3e5356cc056?pvs=21),FR-031,Approved,,,FR
"The processing engine shall return a dataset containing technical confidence levels for each extracted field, alongside a brief justification of the result.",32,Functional Suitability,"September 24, 2026 7:41 AM",juan david julio serrano,Google Cloud AI Architecture Guidelines (Confidence Scoring),High,Automatic Report Data Extraction (https://app.notion.com/p/Automatic-Report-Data-Extraction-39287c56a828809c946bf3e5356cc056?pvs=21),FR-032,Approved,,,FR
"If the technical confidence meets the configured threshold, the system shall pre-fill the Work Order fields and display visual indicators denoting data quality.",33,Functional Suitability,"September 24, 2026 7:41 AM",juan david julio serrano,ISO 55000: Asset Management - Data Quality Assurance,High,Automatic Report Data Extraction (https://app.notion.com/p/Automatic-Report-Data-Extraction-39287c56a828809c946bf3e5356cc056?pvs=21),FR-033,Approved,,,FR
"If technical confidence is insufficient, the system shall require mandatory manual confirmation from the Supervisor before allowing the information to be saved.",34,Functional Suitability,"September 24, 2026 7:41 AM",juan david julio serrano,Nielsen Norman Group (NN/g) - AI and UI Guidelines (HITL),High,Automatic Report Data Extraction (https://app.notion.com/p/Automatic-Report-Data-Extraction-39287c56a828809c946bf3e5356cc056?pvs=21),FR-034,Approved,,,FR
"If a critical field is not identified in the document, the system shall notify the user of the missing information and enable the field for manual entry.",35,Functional Suitability,"September 24, 2026 7:41 AM",juan david julio serrano,Nielsen Norman Group (NN/g) - 10 Usability Heuristics (Error Recovery),High,Automatic Report Data Extraction (https://app.notion.com/p/Automatic-Report-Data-Extraction-39287c56a828809c946bf3e5356cc056?pvs=21),FR-035,Approved,,,FR
The Supervisor shall have the final authority to edit or correct any automatically retrieved data prior to formalizing the Work Order closure.,36,Functional Suitability,"September 24, 2026 7:41 AM",juan david julio serrano,Nielsen Norman Group (NN/g) - AI and UI Guidelines (HITL),Medium,Automatic Report Data Extraction (https://app.notion.com/p/Automatic-Report-Data-Extraction-39287c56a828809c946bf3e5356cc056?pvs=21),FR-036,Approved,,,FR
"If the processing service is temporarily unavailable, the system shall implement automatic retries and ultimately notify the user to proceed manually.",37,Functional Suitability,"September 24, 2026 7:41 AM",juan david julio serrano,ISO/IEC 25010:2023 - Reliability (Fault Tolerance),Medium,Automatic Report Data Extraction (https://app.notion.com/p/Automatic-Report-Data-Extraction-39287c56a828809c946bf3e5356cc056?pvs=21),FR-037,Approved,,,FR
The extraction processing must complete in < 15 seconds to avoid degrading supervisor productivity.,38,Performance Efficiency,"September 24, 2026 7:41 AM",juan david julio serrano,ISO/IEC 25010:2023 - Performance Efficiency (Time behavior),High,Automatic Report Data Extraction (https://app.notion.com/p/Automatic-Report-Data-Extraction-39287c56a828809c946bf3e5356cc056?pvs=21),NFR-038,Approved,,,NFR
The processing engine parameters must guarantee deterministic and reproducible results for identical data inputs.,39,Reliability,"September 24, 2026 7:41 AM",juan david julio serrano,ISO 55000: Asset Management - Data Quality Assurance,High,Automatic Report Data Extraction (https://app.notion.com/p/Automatic-Report-Data-Extraction-39287c56a828809c946bf3e5356cc056?pvs=21),NFR-039,Approved,,,NFR
Access credentials for external intelligence services must be managed securely and never exposed within the application logic.,40,Security,"September 24, 2026 7:41 AM",juan david julio serrano,OWASP Secure Coding Practices (Credential Management),High,Automatic Report Data Extraction (https://app.notion.com/p/Automatic-Report-Data-Extraction-39287c56a828809c946bf3e5356cc056?pvs=21),NFR-040,Approved,,,NFR
"The system must structurally prohibit the automatic saving of data with low technical confidence, forcing human intervention as a data integrity control measure.",41,Security,"September 24, 2026 7:41 AM",juan david julio serrano,Nielsen Norman Group (NN/g) - AI and UI Guidelines (HITL),High,Automatic Report Data Extraction (https://app.notion.com/p/Automatic-Report-Data-Extraction-39287c56a828809c946bf3e5356cc056?pvs=21),NFR-041,Approved,,,NFR
The processing service must implement mitigation mechanisms (fallbacks) to handle potential outages of the external intelligence provider.,42,Reliability,"September 24, 2026 7:41 AM",juan david julio serrano,ISO/IEC 25010:2023 - Reliability (Recoverability),Medium,Automatic Report Data Extraction (https://app.notion.com/p/Automatic-Report-Data-Extraction-39287c56a828809c946bf3e5356cc056?pvs=21),NFR-042,Approved,,,NFR
"On the detail screen of an Equipment Unit or component, the system shall display a documentation section with the list of manuals, blueprints, and guides associated with that hierarchical level.",43,Functional Suitability,"September 24, 2026 9:02 AM",juan david julio serrano,"ISO 14224:2016, Section 6 — Taxonomy",High,Mobile Manuals Consultation (https://app.notion.com/p/Mobile-Manuals-Consultation-39287c56a828803fab05e33553e2e1b8?pvs=21),FR-043,Approved,,,FR
"Each document must present descriptive metadata: title, version, update date, and local availability status.",44,Functional Suitability,"September 24, 2026 9:02 AM",juan david julio serrano,ISO 9001 — Documented Information Control,High,Mobile Manuals Consultation (https://app.notion.com/p/Mobile-Manuals-Consultation-39287c56a828803fab05e33553e2e1b8?pvs=21),FR-044,Approved,,,FR
"The system shall allow the visualization of technical documents via an integrated viewer, without requiring the user to be redirected to an external application.",45,Functional Suitability,"September 24, 2026 9:02 AM",juan david julio serrano,Interaction Design Best Practices,High,Mobile Manuals Consultation (https://app.notion.com/p/Mobile-Manuals-Consultation-39287c56a828803fab05e33553e2e1b8?pvs=21),FR-045,Approved,,,FR
"The document viewer must support basic navigation functions: scale adjustment (zoom), panning between pages, and term search.",46,Interaction Capability,"September 24, 2026 9:02 AM",juan david julio serrano,W3C Web Content Accessibility Guidelines (WCAG),High,Mobile Manuals Consultation (https://app.notion.com/p/Mobile-Manuals-Consultation-39287c56a828803fab05e33553e2e1b8?pvs=21),NFR-046,Approved,,,NFR
The system shall allow the Technician to individually mark documents for offline consultation. The system shall visually confirm when the document is available locally.,47,Functional Suitability,"September 24, 2026 9:02 AM",juan david julio serrano,Offline-First Design Principles,High,Mobile Manuals Consultation (https://app.notion.com/p/Mobile-Manuals-Consultation-39287c56a828803fab05e33553e2e1b8?pvs=21),FR-047,Approved,,,FR
"The system shall allow searching by technical terms within the list of documents associated with an Equipment Unit, prioritizing locally available results.",48,Functional Suitability,"September 24, 2026 9:02 AM",juan david julio serrano,Nielsen Norman Group (NN/g) - Search & Discovery,High,Mobile Manuals Consultation (https://app.notion.com/p/Mobile-Manuals-Consultation-39287c56a828803fab05e33553e2e1b8?pvs=21),FR-048,Approved,,,FR
The system shall inform the user when the local storage of downloaded documents reaches the capacity limit defined for the application.,49,Performance Efficiency,"September 24, 2026 9:02 AM",juan david julio serrano,Nielsen Norman Group (NN/g) - Visibility of System Status,Medium,Mobile Manuals Consultation (https://app.notion.com/p/Mobile-Manuals-Consultation-39287c56a828803fab05e33553e2e1b8?pvs=21),NFR-049,Approved,,,NFR
"The system shall verify the validity of the document version whenever connectivity exists, notifying if an update is available in the central repository.",50,Functional Suitability,"September 24, 2026 9:02 AM",juan david julio serrano,Offline-First Design Principles (Delta Sync),High,Mobile Manuals Consultation (https://app.notion.com/p/Mobile-Manuals-Consultation-39287c56a828803fab05e33553e2e1b8?pvs=21),FR-050,Approved,,,FR
"If a document is withdrawn from the central repository, the system shall maintain the local version indicating its outdated or withdrawn status to avoid leaving the technician without reference.",51,Reliability,"September 24, 2026 9:02 AM",juan david julio serrano,Graceful Degradation Patterns,Medium,Mobile Manuals Consultation (https://app.notion.com/p/Mobile-Manuals-Consultation-39287c56a828803fab05e33553e2e1b8?pvs=21),NFR-051,Approved,,,NFR
The opening of locally stored documents must complete in < 2 seconds to guarantee operational fluidity.,52,Performance Efficiency,"September 24, 2026 9:02 AM",juan david julio serrano,ISO/IEC 25010:2023 — Performance Efficiency (Time behavior),High,Mobile Manuals Consultation (https://app.notion.com/p/Mobile-Manuals-Consultation-39287c56a828803fab05e33553e2e1b8?pvs=21),NFR-052,Approved,,,NFR
The local search engine must return results in < 1 second for the end user.,53,Performance Efficiency,"September 24, 2026 9:02 AM",juan david julio serrano,ISO/IEC 25010:2023 — Performance Efficiency (Time behavior),High,Mobile Manuals Consultation (https://app.notion.com/p/Mobile-Manuals-Consultation-39287c56a828803fab05e33553e2e1b8?pvs=21),NFR-053,Approved,,,NFR
The verification of document versions must be performed in the background without impacting the interface's interactivity.,54,Performance Efficiency,"September 24, 2026 9:02 AM",juan david julio serrano,Asynchronous Worker Patterns,High,Mobile Manuals Consultation (https://app.notion.com/p/Mobile-Manuals-Consultation-39287c56a828803fab05e33553e2e1b8?pvs=21),NFR-054,Approved,,,NFR
"The document viewer must maintain the reading state (current page, zoom level) upon device orientation changes.",55,Interaction Capability,"September 24, 2026 9:02 AM",juan david julio serrano,Web Rendering Optimization Standards,Low,Mobile Manuals Consultation (https://app.notion.com/p/Mobile-Manuals-Consultation-39287c56a828803fab05e33553e2e1b8?pvs=21),NFR-055,Approved,,,NFR
The system must support the automatic resumption of downloads in the event of network connectivity interruptions.,56,Reliability,"September 24, 2026 9:02 AM",juan david julio serrano,Enterprise Integration Patterns (Retry Mechanisms),High,Mobile Manuals Consultation (https://app.notion.com/p/Mobile-Manuals-Consultation-39287c56a828803fab05e33553e2e1b8?pvs=21),NFR-056,Approved,,,NFR
The query interface must be compatible with the mobile devices and operating systems defined in the plant's standards.,57,Flexibility,"September 24, 2026 9:02 AM",juan david julio serrano,Responsive Web Design Standards,High,Mobile Manuals Consultation (https://app.notion.com/p/Mobile-Manuals-Consultation-39287c56a828803fab05e33553e2e1b8?pvs=21),NFR-057,Approved,,,NFR
The system shall automatically retrieve the numerical value of the Equipment Unit Criticality (scale 1 to 10) statically registered in the affected equipment's record.,58,Functional Suitability,"September 24, 2026 9:02 AM",juan david julio serrano,Standard EAM / RIME Methodology,High,Backlog Management via Objective Prioritization (RIME) (https://app.notion.com/p/Backlog-Management-via-Objective-Prioritization-RIME-39287c56a82880269cbbe29b3f6e2313?pvs=21),FR-058,Approved,,,FR
"The Work Request creation form shall require the mandatory selection of the Work Class, associating the corresponding standardized numerical weight (1 to 10).",59,Functional Suitability,"September 24, 2026 9:02 AM",juan david julio serrano,Standard EAM / RIME Methodology,High,Backlog Management via Objective Prioritization (RIME) (https://app.notion.com/p/Backlog-Management-via-Objective-Prioritization-RIME-39287c56a82880269cbbe29b3f6e2313?pvs=21),FR-059,Approved,,,FR
The system shall calculate the RIME score by delegating the operation to the configurable prioritization engine under the adopted RIME industrial standard (see ADR-002).,60,Functional Suitability,"September 24, 2026 9:02 AM",juan david julio serrano,Standard EAM / RIME Methodology,High,Backlog Management via Objective Prioritization (RIME) (https://app.notion.com/p/Backlog-Management-via-Objective-Prioritization-RIME-39287c56a82880269cbbe29b3f6e2313?pvs=21),FR-060,Approved,,,FR
"The system shall classify and visually differentiate requests into priority bands according to their score (e.g., >80: Emergency, 50-79: High, 20-49: Normal, <20: Low).",61,Interaction Capability,"September 24, 2026 9:02 AM",juan david julio serrano,The High Performance HMI Handbook,High,Backlog Management via Objective Prioritization (RIME) (https://app.notion.com/p/Backlog-Management-via-Objective-Prioritization-RIME-39287c56a82880269cbbe29b3f6e2313?pvs=21),NFR-061,Approved,,,NFR
"The management dashboard shall organize requests descending by RIME Score, restricting manual alteration of the order to authorized profiles (Supervisors).",62,Security,"September 24, 2026 9:02 AM",juan david julio serrano,NIST SP 800-192 (RBAC Framework),High,Backlog Management via Objective Prioritization (RIME) (https://app.notion.com/p/Backlog-Management-via-Objective-Prioritization-RIME-39287c56a82880269cbbe29b3f6e2313?pvs=21),NFR-062,Approved,,,NFR
"Each request presented in the system must display its priority metadata, affected Equipment Unit, intervention type, and estimated costs.",65,Functional Suitability,"September 24, 2026 9:02 AM",juan david julio serrano,Standard EAM / RIME Methodology,High,Backlog Management via Objective Prioritization (RIME) (https://app.notion.com/p/Backlog-Management-via-Objective-Prioritization-RIME-39287c56a82880269cbbe29b3f6e2313?pvs=21),FR-065,Approved,,,FR
"The system shall allow querying the technical breakdown of the priority calculation, referencing the industrial standards applicable to each factor.",66,Functional Suitability,"September 24, 2026 9:02 AM",juan david julio serrano,ISO/IEC 25010:2023 — Functional Suitability (Appropriateness),Low,Backlog Management via Objective Prioritization (RIME) (https://app.notion.com/p/Backlog-Management-via-Objective-Prioritization-RIME-39287c56a82880269cbbe29b3f6e2313?pvs=21),FR-066,Approved,,,FR
"The system shall provide advanced filtering capabilities by priority category, Functional Location, and date ranges.",67,Functional Suitability,"September 24, 2026 9:02 AM",juan david julio serrano,Nielsen Norman Group (NN/g) - Information Filtering,High,Backlog Management via Objective Prioritization (RIME) (https://app.notion.com/p/Backlog-Management-via-Objective-Prioritization-RIME-39287c56a82880269cbbe29b3f6e2313?pvs=21),FR-067,Approved,,,FR
The system shall generate grouping recommendations when it detects multiple pending priority interventions on the same physical Equipment Unit.,68,Functional Suitability,"September 24, 2026 9:02 AM",juan david julio serrano,Reliability-Centered Maintenance (RCM) Principles,Medium,Backlog Management via Objective Prioritization (RIME) (https://app.notion.com/p/Backlog-Management-via-Objective-Prioritization-RIME-39287c56a82880269cbbe29b3f6e2313?pvs=21),FR-068,Approved,,,FR
The prioritized backlog information may be exported in structured formats for analysis in external tools.,69,Functional Suitability,"September 24, 2026 9:02 AM",juan david julio serrano,Data Portability Principles,Medium,Backlog Management via Objective Prioritization (RIME) (https://app.notion.com/p/Backlog-Management-via-Objective-Prioritization-RIME-39287c56a82880269cbbe29b3f6e2313?pvs=21),FR-069,Approved,,,FR
The RIME Score calculation upon changes in the Work Class must be performed in <100ms in the user interface.,70,Performance Efficiency,"September 24, 2026 9:02 AM",juan david julio serrano,ISO/IEC 25010:2023 — Performance Efficiency (Time behavior),High,Backlog Management via Objective Prioritization (RIME) (https://app.notion.com/p/Backlog-Management-via-Objective-Prioritization-RIME-39287c56a82880269cbbe29b3f6e2313?pvs=21),NFR-070,Approved,,,NFR
The operational dashboard visualization must maintain a response of < 2 seconds with large volumes of information.,71,Performance Efficiency,"September 24, 2026 9:02 AM",juan david julio serrano,ISO/IEC 25010:2023 — Performance Efficiency (Time behavior),High,Backlog Management via Objective Prioritization (RIME) (https://app.notion.com/p/Backlog-Management-via-Objective-Prioritization-RIME-39287c56a82880269cbbe29b3f6e2313?pvs=21),NFR-071,Approved,,,NFR
The master configuration parameters of the prioritization model must be versioned and protected against unauthorized access.,72,Security,"September 24, 2026 9:02 AM",juan david julio serrano,NIST SP 800-53 (Configuration Management),High,Backlog Management via Objective Prioritization (RIME) (https://app.notion.com/p/Backlog-Management-via-Objective-Prioritization-RIME-39287c56a82880269cbbe29b3f6e2313?pvs=21),NFR-072,Approved,,,NFR
The visibility of technical priority scores shall be restricted to the roles defined in the system's governance policy.,73,Security,"September 24, 2026 9:02 AM",juan david julio serrano,NIST SP 800-192 (RBAC Framework),High,Backlog Management via Objective Prioritization (RIME) (https://app.notion.com/p/Backlog-Management-via-Objective-Prioritization-RIME-39287c56a82880269cbbe29b3f6e2313?pvs=21),NFR-073,Approved,,,NFR
The calculation engine must be deterministic: the same inputs for equipment criticality and work class must produce identical scores throughout the system.,74,Functional Suitability,"September 24, 2026 9:02 AM",juan david julio serrano,ISO/IEC 25010:2023 — Functional Suitability (Accuracy),High,Backlog Management via Objective Prioritization (RIME) (https://app.notion.com/p/Backlog-Management-via-Objective-Prioritization-RIME-39287c56a82880269cbbe29b3f6e2313?pvs=21),FR-074,Approved,,,FR
The system shall automatically recalculate priorities upon changes in the criticality of master equipment to keep the backlog updated.,75,Functional Suitability,"September 24, 2026 9:02 AM",juan david julio serrano,ACID Database Transaction Properties (Consistency),High,Backlog Management via Objective Prioritization (RIME) (https://app.notion.com/p/Backlog-Management-via-Objective-Prioritization-RIME-39287c56a82880269cbbe29b3f6e2313?pvs=21),FR-075,Approved,,,FR
Significant changes in the priority category of an intervention must automatically notify the responsible planning personnel.,76,Functional Suitability,"September 24, 2026 9:02 AM",juan david julio serrano,Enterprise Integration Patterns (Publish-Subscribe),Medium,Backlog Management via Objective Prioritization (RIME) (https://app.notion.com/p/Backlog-Management-via-Objective-Prioritization-RIME-39287c56a82880269cbbe29b3f6e2313?pvs=21),FR-076,Approved,,,FR
"The system shall allow access to the technical assistance interface from the Work Orders, maintaining the active session's query history.",77,Functional Suitability,"September 24, 2026 9:02 AM",juan david julio serrano,Conversational UI Patterns,High,AI Documentation Consultation Assistant (RAG) (https://app.notion.com/p/AI-Documentation-Consultation-Assistant-RAG-39287c56a82880468987d59d8b4bda42?pvs=21),FR-077,Approved,,,FR
"The system shall process natural language queries, searching for related concepts within the Equipment Unit's documentary base.",78,Functional Suitability,"September 24, 2026 9:02 AM",juan david julio serrano,Retrieval-Augmented Generation (RAG) Architecture,High,AI Documentation Consultation Assistant (RAG) (https://app.notion.com/p/AI-Documentation-Consultation-Assistant-RAG-39287c56a82880468987d59d8b4bda42?pvs=21),FR-078,Approved,,,FR
"The intelligence engine shall generate technical responses based exclusively on the recovered support documents, including mandatory citations to the original source.",79,Security,"September 24, 2026 9:02 AM",juan david julio serrano,NIST AI Risk Management Framework (RMF) - Accountability,High,AI Documentation Consultation Assistant (RAG) (https://app.notion.com/p/AI-Documentation-Consultation-Assistant-RAG-39287c56a82880468987d59d8b4bda42?pvs=21),NFR-079,Approved,,,NFR
"The system shall evaluate the relevance level of the found information; if confidence is insufficient, it shall restrict the generation of the response to avoid erroneous interpretations.",80,Reliability,"September 24, 2026 9:02 AM",juan david julio serrano,NIST AI Risk Management Framework (RMF) - Explainability,High,AI Documentation Consultation Assistant (RAG) (https://app.notion.com/p/AI-Documentation-Consultation-Assistant-RAG-39287c56a82880468987d59d8b4bda42?pvs=21),NFR-080,Approved,,,NFR
"The assistant shall detect queries outside the maintenance domain, redirecting the user to the corresponding technical support channels.",81,Functional Suitability,"September 24, 2026 9:03 AM",juan david julio serrano,Domain-Driven Design / AI Guardrails,High,AI Documentation Consultation Assistant (RAG) (https://app.notion.com/p/AI-Documentation-Consultation-Assistant-RAG-39287c56a82880468987d59d8b4bda42?pvs=21),FR-081,Approved,,,FR
"In the absence of connectivity, the assistant shall be unavailable, and the system shall present local keyword search over persisted documents as an alternative.",82,Reliability,"September 24, 2026 9:03 AM",juan david julio serrano,Offline-First Design Principles (Graceful Degradation),High,AI Documentation Consultation Assistant (RAG) (https://app.notion.com/p/AI-Documentation-Consultation-Assistant-RAG-39287c56a82880468987d59d8b4bda42?pvs=21),NFR-082,Approved,,,NFR
The assistant interface shall include a function to directly open the technical documentation in the section referenced by the intelligence engine.,83,Interaction Capability,"September 24, 2026 9:03 AM",juan david julio serrano,Retrieval-Augmented Generation (RAG) Architecture,High,AI Documentation Consultation Assistant (RAG) (https://app.notion.com/p/AI-Documentation-Consultation-Assistant-RAG-39287c56a82880468987d59d8b4bda42?pvs=21),NFR-083,Approved,,,NFR
The system shall allow technical personnel to rate the utility of the received responses to feed the engine's continuous improvement processes.,84,Functional Suitability,"September 24, 2026 9:03 AM",juan david julio serrano,RLHF (Reinforcement Learning from Human Feedback),Medium,AI Documentation Consultation Assistant (RAG) (https://app.notion.com/p/AI-Documentation-Consultation-Assistant-RAG-39287c56a82880468987d59d8b4bda42?pvs=21),FR-084,Approved,,,FR
The system shall provide an administrative dashboard to supervise executed queries and manage possible inconsistencies detected in responses.,85,Maintainability,"September 24, 2026 9:03 AM",juan david julio serrano,NIST AI Risk Management Framework (RMF) - Accountability,High,AI Documentation Consultation Assistant (RAG) (https://app.notion.com/p/AI-Documentation-Consultation-Assistant-RAG-39287c56a82880468987d59d8b4bda42?pvs=21),NFR-085,Approved,,,NFR
The processing of the query and the generation of the technical response must complete in < 15 seconds to guarantee field fluidity.,86,Performance Efficiency,"September 24, 2026 9:03 AM",juan david julio serrano,ISO/IEC 25010:2023 — Performance Efficiency (Time behavior),High,AI Documentation Consultation Assistant (RAG) (https://app.notion.com/p/AI-Documentation-Consultation-Assistant-RAG-39287c56a82880468987d59d8b4bda42?pvs=21),NFR-086,Approved,,,NFR
The system must feature retry mechanisms against transient failures in communication with the intelligence service.,87,Reliability,"September 24, 2026 9:03 AM",juan david julio serrano,Enterprise Integration Patterns (Retry Mechanisms),High,AI Documentation Consultation Assistant (RAG) (https://app.notion.com/p/AI-Documentation-Consultation-Assistant-RAG-39287c56a82880468987d59d8b4bda42?pvs=21),NFR-087,Approved,,,NFR
"The engine shall guarantee consistent and objective results for the same query, minimizing the variability of the generated responses.",88,Reliability,"September 24, 2026 9:03 AM",juan david julio serrano,AI Model Determinism / Temperature Control,High,AI Documentation Consultation Assistant (RAG) (https://app.notion.com/p/AI-Documentation-Consultation-Assistant-RAG-39287c56a82880468987d59d8b4bda42?pvs=21),NFR-088,Approved,,,NFR
"The system shall apply data minimization policies, storing only the summaries and metadata necessary for operational traceability.",89,Security,"September 24, 2026 9:03 AM",juan david julio serrano,GDPR / Data Minimization Principles,High,AI Documentation Consultation Assistant (RAG) (https://app.notion.com/p/AI-Documentation-Consultation-Assistant-RAG-39287c56a82880468987d59d8b4bda42?pvs=21),NFR-089,Approved,,,NFR
The system shall maintain response latency as the available documentary repository grows.,90,Performance Efficiency,"September 24, 2026 9:03 AM",juan david julio serrano,ISO/IEC 25010:2023 — Performance Efficiency (Capacity),Medium,AI Documentation Consultation Assistant (RAG) (https://app.notion.com/p/AI-Documentation-Consultation-Assistant-RAG-39287c56a82880468987d59d8b4bda42?pvs=21),NFR-090,Approved,,,NFR
The system shall allow the Reliability Engineer to access the technical boundaries configuration from the Level 6 master Equipment Unit management.,91,Functional Suitability,"September 24, 2026 9:03 AM",juan david julio serrano,"ISO 14224:2016, Section 6 — Taxonomy",High,Equipment Physical Boundaries Definition (https://app.notion.com/p/Equipment-Physical-Boundaries-Definition-39287c56a82880e99f1ffa847adffe20?pvs=21),FR-091,Approved,,,FR
"The definition form shall include fields to describe the initial boundary, the final boundary, and the multiple selection of associated Level 8 Maintainable Items.",92,Functional Suitability,"September 24, 2026 9:03 AM",juan david julio serrano,"ISO 14224:2016, Section 6 — Taxonomy",High,Equipment Physical Boundaries Definition (https://app.notion.com/p/Equipment-Physical-Boundaries-Definition-39287c56a82880e99f1ffa847adffe20?pvs=21),FR-092,Approved,,,FR
The system shall validate that a technical component CANNOT be assigned to multiple Equipment Units simultaneously to ensure hierarchy integrity.,93,Security,"September 24, 2026 9:03 AM",juan david julio serrano,ACID Database Transaction Properties (Referential Integrity),High,Equipment Physical Boundaries Definition (https://app.notion.com/p/Equipment-Physical-Boundaries-Definition-39287c56a82880e99f1ffa847adffe20?pvs=21),NFR-093,Approved,,,NFR
"The system shall detect inconsistencies in the deep hierarchy of components, ensuring that parent-child relationships remain coherent across all technical levels.",94,Security,"September 24, 2026 9:03 AM",juan david julio serrano,ACID Database Transaction Properties (Referential Integrity),High,Equipment Physical Boundaries Definition (https://app.notion.com/p/Equipment-Physical-Boundaries-Definition-39287c56a82880e99f1ffa847adffe20?pvs=21),NFR-094,Approved,,,NFR
The system shall guarantee that saving technical boundaries does not generate partial or inconsistent records upon any process interruption.,95,Reliability,"September 24, 2026 9:03 AM",juan david julio serrano,ACID Database Transaction Properties (Atomicity),High,Equipment Physical Boundaries Definition (https://app.notion.com/p/Equipment-Physical-Boundaries-Definition-39287c56a82880e99f1ffa847adffe20?pvs=21),NFR-095,Approved,,,NFR
The system shall force the input of boundary fields before allowing the technical formalization of the Equipment Unit in the master catalog.,96,Functional Suitability,"September 24, 2026 9:03 AM",juan david julio serrano,"ISO 14224:2016, Section 6 — Taxonomy",High,Equipment Physical Boundaries Definition (https://app.notion.com/p/Equipment-Physical-Boundaries-Definition-39287c56a82880e99f1ffa847adffe20?pvs=21),FR-096,Approved,,,FR
Boundary information shall be accessible in read-only mode for technical personnel during the consultation of the equipment record in the field.,97,Security,"September 24, 2026 9:03 AM",juan david julio serrano,NIST SP 800-192 (RBAC Framework),High,Equipment Physical Boundaries Definition (https://app.notion.com/p/Equipment-Physical-Boundaries-Definition-39287c56a82880e99f1ffa847adffe20?pvs=21),NFR-097,Approved,,,NFR
The system shall provide a chronological history of adjustments made in the boundaries definition for engineering audits.,98,Functional Suitability,"September 24, 2026 9:03 AM",juan david julio serrano,"ISO/IEC 27001:2022, Annex A.8.15 (Logging)",High,Equipment Physical Boundaries Definition (https://app.notion.com/p/Equipment-Physical-Boundaries-Definition-39287c56a82880e99f1ffa847adffe20?pvs=21),FR-098,Approved,,,FR
The validation of component duplication must complete in < 1 second to avoid affecting administrative workflows.,99,Performance Efficiency,"September 24, 2026 9:03 AM",juan david julio serrano,ISO/IEC 25010:2023 — Performance Efficiency (Time behavior),High,Equipment Physical Boundaries Definition (https://app.notion.com/p/Equipment-Physical-Boundaries-Definition-39287c56a82880e99f1ffa847adffe20?pvs=21),NFR-099,Approved,,,NFR
The validation of hierarchical consistency in high-volume catalogs shall not degrade system response.,100,Performance Efficiency,"September 24, 2026 9:03 AM",juan david julio serrano,ISO/IEC 25010:2023 — Performance Efficiency (Capacity),High,Equipment Physical Boundaries Definition (https://app.notion.com/p/Equipment-Physical-Boundaries-Definition-39287c56a82880e99f1ffa847adffe20?pvs=21),NFR-100,Approved,,,NFR
The boundaries definition interface must preserve the form's progress against session losses or unexpected browser closures.,101,Reliability,"September 24, 2026 9:03 AM",juan david julio serrano,Offline-First Design Principles,Medium,Equipment Physical Boundaries Definition (https://app.notion.com/p/Equipment-Physical-Boundaries-Definition-39287c56a82880e99f1ffa847adffe20?pvs=21),NFR-101,Approved,,,NFR
Technical boundary descriptions must support the necessary length to detail complex physical specifications.,102,Functional Suitability,"September 24, 2026 9:03 AM",juan david julio serrano,Database Schema Design Best Practices,High,Equipment Physical Boundaries Definition (https://app.notion.com/p/Equipment-Physical-Boundaries-Definition-39287c56a82880e99f1ffa847adffe20?pvs=21),FR-102,Approved,,,FR
The system shall feature data integrity verification routines to detect and report any historical hierarchical anomalies.,103,Reliability,"September 24, 2026 9:03 AM",juan david julio serrano,ACID Database Transaction Properties (Integrity),High,Equipment Physical Boundaries Definition (https://app.notion.com/p/Equipment-Physical-Boundaries-Definition-39287c56a82880e99f1ffa847adffe20?pvs=21),NFR-103,Approved,,,NFR
The system shall automatically validate the validity of the Equipment Unit's warranty at the time of registering a corrective intervention.,104,Functional Suitability,"September 24, 2026 9:03 AM",juan david julio serrano,Enterprise Asset Management (EAM) Best Practices,High,Equipment Warranty Management (https://app.notion.com/p/Equipment-Warranty-Management-39287c56a828800bad35fe08388528a1?pvs=21),FR-104,Approved,,,FR
The warranty management interface shall present the provider's contact data and the specific terms of the available technical coverage.,105,Functional Suitability,"September 24, 2026 9:03 AM",juan david julio serrano,Enterprise Asset Management (EAM) Best Practices,High,Equipment Warranty Management (https://app.notion.com/p/Equipment-Warranty-Management-39287c56a828800bad35fe08388528a1?pvs=21),FR-105,Approved,,,FR
"The system shall allow the transition of a standard work order toward a warranty claim status, notifying responsible personnel regarding the initiation of the external process.",106,Functional Suitability,"September 24, 2026 9:03 AM",juan david julio serrano,Enterprise Integration Patterns,Medium,Equipment Warranty Management (https://app.notion.com/p/Equipment-Warranty-Management-39287c56a828800bad35fe08388528a1?pvs=21),FR-106,Approved,,,FR
The system shall require selecting or entering a categorized technical justification when opting to proceed with internal maintenance on an Equipment Unit with an active warranty.,107,Functional Suitability,"September 24, 2026 9:03 AM",juan david julio serrano,Compliance / Audit Trail Best Practices,High,Equipment Warranty Management (https://app.notion.com/p/Equipment-Warranty-Management-39287c56a828800bad35fe08388528a1?pvs=21),FR-107,Approved,,,FR
Every decision of internal maintenance on warranted Equipment Units shall be recorded with its respective technical justification and timestamp.,108,Security,"September 24, 2026 9:03 AM",juan david julio serrano,"ISO/IEC 27001:2022, Annex A.8.15 (Logging)",High,Equipment Warranty Management (https://app.notion.com/p/Equipment-Warranty-Management-39287c56a828800bad35fe08388528a1?pvs=21),NFR-108,Approved,,,NFR
The system shall not present warranty alerts when the coverage has expired according to the Equipment Unit's master records.,109,Functional Suitability,"September 24, 2026 9:03 AM",juan david julio serrano,Enterprise Asset Management (EAM) Best Practices,High,Equipment Warranty Management (https://app.notion.com/p/Equipment-Warranty-Management-39287c56a828800bad35fe08388528a1?pvs=21),FR-109,Approved,,,FR
Authorized personnel may manage and update warranty parameters from the Equipment Unit's technical record in the master catalog.,110,Security,"September 24, 2026 9:03 AM",juan david julio serrano,NIST SP 800-192 (RBAC Framework),High,Equipment Warranty Management (https://app.notion.com/p/Equipment-Warranty-Management-39287c56a828800bad35fe08388528a1?pvs=21),NFR-110,Approved,,,NFR
The validation of warranty validity must be performed in < 2 seconds to avoid interrupting the operational flow in the field.,111,Performance Efficiency,"September 24, 2026 9:03 AM",juan david julio serrano,ISO/IEC 25010:2023 — Performance Efficiency (Time behavior),High,Equipment Warranty Management (https://app.notion.com/p/Equipment-Warranty-Management-39287c56a828800bad35fe08388528a1?pvs=21),NFR-111,Approved,,,NFR
"Warranty alerts must be presented clearly and prominently, ensuring the user perceives the warning before proceeding.",112,Interaction Capability,"September 24, 2026 9:03 AM",juan david julio serrano,Nielsen Norman Group (NN/g) - Visibility of System Status,High,Equipment Warranty Management (https://app.notion.com/p/Equipment-Warranty-Management-39287c56a828800bad35fe08388528a1?pvs=21),NFR-112,Approved,,,NFR
The Equipment Unit's warranty data must be available during the consultation of the technical record in the field.,113,Flexibility,"September 24, 2026 9:03 AM",juan david julio serrano,Offline-First Design Principles,High,Equipment Warranty Management (https://app.notion.com/p/Equipment-Warranty-Management-39287c56a828800bad35fe08388528a1?pvs=21),NFR-113,Approved,,,NFR
"The system shall validate the presence of a justification for the voluntary omission of external coverages, blocking flow advancement if the mandatory field is empty.",114,Functional Suitability,"September 24, 2026 9:03 AM",juan david julio serrano,ISO 14224:2016 / EAM Data Quality,High,Equipment Warranty Management (https://app.notion.com/p/Equipment-Warranty-Management-39287c56a828800bad35fe08388528a1?pvs=21),FR-114,Approved,,,FR
The system may present comparative intervention cost information when historical data permits such estimation.,115,Functional Suitability,"September 24, 2026 9:03 AM",juan david julio serrano,Enterprise Asset Management (EAM) Best Practices,Low,Equipment Warranty Management (https://app.notion.com/p/Equipment-Warranty-Management-39287c56a828800bad35fe08388528a1?pvs=21),FR-115,Approved,,,FR
The system shall allow selecting a Functional Location (Level 5) from the hierarchical tree to link the new equipment unit (Level 6) according to the ISO 14224 taxonomy.,116,Functional Suitability,"September 24, 2026 7:43 AM",juan david julio serrano,"ISO 14224:2016, Section 5 — Data collection requirements: mandatory fields",High,Equipment Unit Technical Record Creation (https://app.notion.com/p/Equipment-Unit-Technical-Record-Creation-39287c56a82880d28210feaf39964894?pvs=21),FR-116,Approved,,,FR
"The system shall validate the global uniqueness of the industrial identifier (Tag), preventing duplications in the master equipment catalog.",117,Functional Suitability,"September 24, 2026 7:43 AM",juan david julio serrano,"ISO 14224:2016, Section 5 — Data collection requirements: unique equipment identifier",High,Equipment Unit Technical Record Creation (https://app.notion.com/p/Equipment-Unit-Technical-Record-Creation-39287c56a82880d28210feaf39964894?pvs=21),FR-117,Approved,,,FR
"The registration form shall validate the presence of critical technical data: identification, class, manufacturer, model, serial number, and operational dates prior to saving.",118,Functional Suitability,"September 24, 2026 7:43 AM",juan david julio serrano,"ISO 14224:2016, Section 5 — Data collection requirements: minimum mandatory data set",High,Equipment Unit Technical Record Creation (https://app.notion.com/p/Equipment-Unit-Technical-Record-Creation-39287c56a82880d28210feaf39964894?pvs=21),FR-118,Approved,,,FR
The system shall implement chronological coherence rules to ensure that the equipment unit's operational milestones maintain a logical and truthful sequence.,119,Functional Suitability,"September 24, 2026 7:43 AM",juan david julio serrano,"ISO 55001:2014, Clause 7.5 — Documented information: chronological accuracy",High,Equipment Unit Technical Record Creation (https://app.notion.com/p/Equipment-Unit-Technical-Record-Creation-39287c56a82880d28210feaf39964894?pvs=21),FR-119,Approved,,,FR
"The equipment unit record shall present a consolidated technical section with all captured parameters, allowing the update of non-critical attributes through audited processes.",120,Functional Suitability,"September 24, 2026 7:43 AM",juan david julio serrano,"ISO 14224:2016, Section 9.1a — Equipment Unit Data: master record attributes",Medium,Equipment Unit Technical Record Creation (https://app.notion.com/p/Equipment-Unit-Technical-Record-Creation-39287c56a82880d28210feaf39964894?pvs=21),FR-120,Approved,,,FR
Integrity and uniqueness validations must be performed in near real-time to guarantee a fluid interaction without blocking the operational interface.,121,Performance Efficiency,"September 24, 2026 7:43 AM",juan david julio serrano,ISO/IEC 25010:2023 — Performance Efficiency (Time behavior),High,Equipment Unit Technical Record Creation (https://app.notion.com/p/Equipment-Unit-Technical-Record-Creation-39287c56a82880d28210feaf39964894?pvs=21),NFR-121,Approved,,,NFR
"The system shall guarantee that the equipment unit creation is an atomic operation at the functional level: the record is fully committed, or no partial data is persisted in the event of an interruption.",122,Reliability,"September 24, 2026 7:43 AM",juan david julio serrano,ACID Database Transaction Properties (Atomicity),High,Equipment Unit Technical Record Creation (https://app.notion.com/p/Equipment-Unit-Technical-Record-Creation-39287c56a82880d28210feaf39964894?pvs=21),NFR-122,Approved,,,NFR
"The system shall maintain complete historical traceability of the technical record, prohibiting the physical deletion (hard delete) of records to preserve the integrity of reliability data.",123,Security,"September 24, 2026 7:43 AM",juan david julio serrano,"ISO 14224:2016, Section 5.6 — Data quality: preservation of historical data",Medium,Equipment Unit Technical Record Creation (https://app.notion.com/p/Equipment-Unit-Technical-Record-Creation-39287c56a82880d28210feaf39964894?pvs=21),NFR-123,Approved,,,NFR
The performance of the saving and registration process must complete in < 2 seconds under standard industrial connectivity conditions.,124,Performance Efficiency,"September 24, 2026 7:43 AM",juan david julio serrano,ISO/IEC 25010:2023 — Performance Efficiency (Time behavior),Medium,Equipment Unit Technical Record Creation (https://app.notion.com/p/Equipment-Unit-Technical-Record-Creation-39287c56a82880d28210feaf39964894?pvs=21),NFR-124,Approved,,,NFR
"The system shall allow the formal registration of material receipts, capturing the spare part, quantity, physical location, and linking the movement to the master audit log.",125,Functional Suitability,"September 24, 2026 7:51 AM",juan david julio serrano,"ISO 55001:2014, Clause 8.1 — Operational planning and control",High,Inventory Movement Management (https://app.notion.com/p/Inventory-Movement-Management-39287c56a82880d38f1ff79e90caf2be?pvs=21),FR-125,Approved,,,FR
The system shall dynamically calculate available stock considering physical quantities and pending reservations for scheduled maintenance.,126,Functional Suitability,"September 24, 2026 7:51 AM",juan david julio serrano,Wireman Vol 2 - MRO Inventory Management,High,Inventory Movement Management (https://app.notion.com/p/Inventory-Movement-Management-39287c56a82880d38f1ff79e90caf2be?pvs=21),FR-126,Approved,,,FR
"The system shall manage material issues associated with Work Orders, ensuring spare part consumption is traceable to the intervened Equipment Unit.",127,Functional Suitability,"September 24, 2026 7:51 AM",juan david julio serrano,"ISO 14224:2016, Section 5 — Data collection requirements",High,Inventory Movement Management (https://app.notion.com/p/Inventory-Movement-Management-39287c56a82880d38f1ff79e90caf2be?pvs=21),FR-127,Approved,,,FR
"The system shall allow the return of unused materials to the master inventory, managing cost reversal in the corresponding Work Orders.",128,Functional Suitability,"September 24, 2026 7:51 AM",juan david julio serrano,Wireman Vol 2 - MRO Inventory Management,High,Inventory Movement Management (https://app.notion.com/p/Inventory-Movement-Management-39287c56a82880d38f1ff79e90caf2be?pvs=21),FR-128,Approved,,,FR
The system shall issue automatic notifications upon detecting low stock or excess inventory conditions based on configured replenishment policies.,129,Functional Suitability,"September 24, 2026 7:51 AM",juan david julio serrano,Wireman Vol 2 - Replenishment Policies,High,Inventory Movement Management (https://app.notion.com/p/Inventory-Movement-Management-39287c56a82880d38f1ff79e90caf2be?pvs=21),FR-129,Approved,,,FR
The system shall provide querying and filtering capabilities on the inventory movement history for auditing and reconciliation purposes.,130,Functional Suitability,"September 24, 2026 7:51 AM",juan david julio serrano,"ISO 55001:2014, Clause 9.1 — Monitoring, measurement, analysis",Medium,Inventory Movement Management (https://app.notion.com/p/Inventory-Movement-Management-39287c56a82880d38f1ff79e90caf2be?pvs=21),FR-130,Approved,,,FR
"Upon successful completion of a material issue, the system shall allow generating a technical receipt of the operation containing transaction metadata.",131,Functional Suitability,"September 24, 2026 7:51 AM",juan david julio serrano,Wireman Vol 2 - MRO Inventory Management,Medium,Inventory Movement Management (https://app.notion.com/p/Inventory-Movement-Management-39287c56a82880d38f1ff79e90caf2be?pvs=21),FR-131,Approved,,,FR
"The system must guarantee that in the event of an interruption during a warehouse operation, the inventory does not enter an inconsistent or partially updated state.",132,Reliability,"September 24, 2026 7:51 AM",juan david julio serrano,ACID Database Transaction Properties (Atomicity),High,Inventory Movement Management (https://app.notion.com/p/Inventory-Movement-Management-39287c56a82880d38f1ff79e90caf2be?pvs=21),NFR-132,Approved,,,NFR
The stock validation engine must operate with minimal latency to avoid delaying material dispatch to operational personnel.,133,Performance Efficiency,"September 24, 2026 7:51 AM",juan david julio serrano,ISO/IEC 25010:2023 — Performance Efficiency (Time behavior),High,Inventory Movement Management (https://app.notion.com/p/Inventory-Movement-Management-39287c56a82880d38f1ff79e90caf2be?pvs=21),NFR-133,Approved,,,NFR
Inventory balances and costs assigned to Work Orders must always reflect the exact same value without mathematical discrepancies.,134,Security,"September 24, 2026 7:51 AM",juan david julio serrano,ACID Database Transaction Properties (Consistency),High,Inventory Movement Management (https://app.notion.com/p/Inventory-Movement-Management-39287c56a82880d38f1ff79e90caf2be?pvs=21),NFR-134,Approved,,,NFR
The system shall maintain acceptable response times during periods of high operational warehouse activity.,135,Performance Efficiency,"September 24, 2026 7:51 AM",juan david julio serrano,ISO/IEC 25010:2023 — Performance Efficiency (Capacity),Medium,Inventory Movement Management (https://app.notion.com/p/Inventory-Movement-Management-39287c56a82880d38f1ff79e90caf2be?pvs=21),NFR-135,Approved,,,NFR
"The system shall feature a background save retry mechanism in case of temporary connectivity loss, preventing the loss of registered inventory movements.",136,Reliability,"September 24, 2026 7:51 AM",juan david julio serrano,Offline-First Design Principles (Google Developers),Medium,Inventory Movement Management (https://app.notion.com/p/Inventory-Movement-Management-39287c56a82880d38f1ff79e90caf2be?pvs=21),NFR-136,Approved,,,NFR
"The system shall present a consolidated list of Equipment Units in preliminary or review status, with visual indicators of urgency and waiting time.",137,Functional Suitability,"September 24, 2026 7:51 AM",juan david julio serrano,Nielsen Norman Group (NN/g) - Information Visibility,High,New Equipment Unit Validation and Onboarding (https://app.notion.com/p/New-Equipment-Unit-Validation-and-Onboarding-39287c56a8288002a1e2fe57718cda8d?pvs=21),FR-137,Approved,,,FR
"The technical review interface shall highlight missing mandatory fields according to the Equipment Class, guiding the engineer in completing the technical record.",138,Functional Suitability,"September 24, 2026 7:51 AM",juan david julio serrano,Nielsen Norman Group (NN/g) - 10 Usability Heuristics (Error Prevention),High,New Equipment Unit Validation and Onboarding (https://app.notion.com/p/New-Equipment-Unit-Validation-and-Onboarding-39287c56a8288002a1e2fe57718cda8d?pvs=21),FR-138,Approved,,,FR
The system shall allow controlled editing of technical attributes during the technical validation process.,139,Functional Suitability,"September 24, 2026 7:51 AM",juan david julio serrano,"ISO 14224:2016, Section 9.1a — Equipment Unit Data",High,New Equipment Unit Validation and Onboarding (https://app.notion.com/p/New-Equipment-Unit-Validation-and-Onboarding-39287c56a8288002a1e2fe57718cda8d?pvs=21),FR-139,Approved,,,FR
"Upon approval, the Equipment Unit's technical data shall be immediately available throughout the system for use in planning and visualization.",140,Functional Suitability,"September 24, 2026 7:51 AM",juan david julio serrano,"ISO 55001:2014, Clause 7.5 — Documented information",High,New Equipment Unit Validation and Onboarding (https://app.notion.com/p/New-Equipment-Unit-Validation-and-Onboarding-39287c56a8288002a1e2fe57718cda8d?pvs=21),FR-140,Approved,,,FR
The system shall implement a technical return flow requiring mandatory documentation of the rejection reason for administrative traceability.,141,Functional Suitability,"September 24, 2026 7:51 AM",juan david julio serrano,"ISO 55001:2014, Clause 9.1 — Monitoring and evaluation",High,New Equipment Unit Validation and Onboarding (https://app.notion.com/p/New-Equipment-Unit-Validation-and-Onboarding-39287c56a8288002a1e2fe57718cda8d?pvs=21),FR-141,Approved,,,FR
"Following activation, the system shall allow the progressive enrichment of the technical record with advanced performance parameters and operating limits.",142,Functional Suitability,"September 24, 2026 7:51 AM",juan david julio serrano,"ISO 14224:2016, Section 5 — Data quality and enhancement",Medium,New Equipment Unit Validation and Onboarding (https://app.notion.com/p/New-Equipment-Unit-Validation-and-Onboarding-39287c56a8288002a1e2fe57718cda8d?pvs=21),FR-142,Approved,,,FR
The system shall generate technical reports on the commissioning status of Equipment Units to support asset management audits under ISO 55001.,143,Functional Suitability,"September 24, 2026 7:51 AM",juan david julio serrano,"ISO 55001:2014, Clause 9.2 — Internal audit",Medium,New Equipment Unit Validation and Onboarding (https://app.notion.com/p/New-Equipment-Unit-Validation-and-Onboarding-39287c56a8288002a1e2fe57718cda8d?pvs=21),FR-143,Approved,,,FR
The system must strictly validate the presence of all mandatory documentation prior to allowing a change in operational status.,144,Functional Suitability,"September 24, 2026 7:51 AM",juan david julio serrano,"ISO 14224:2016, Section 5 — Data collection requirements",High,New Equipment Unit Validation and Onboarding (https://app.notion.com/p/New-Equipment-Unit-Validation-and-Onboarding-39287c56a8288002a1e2fe57718cda8d?pvs=21),FR-144,Approved,,,FR
"Following the commissioning of an Equipment Unit, no system module shall present outdated or inconsistent data regarding the approved technical record.",145,Reliability,"September 24, 2026 7:51 AM",juan david julio serrano,ACID Database Transaction Properties (Consistency),High,New Equipment Unit Validation and Onboarding (https://app.notion.com/p/New-Equipment-Unit-Validation-and-Onboarding-39287c56a8288002a1e2fe57718cda8d?pvs=21),NFR-145,Approved,,,NFR
Queries for Equipment Units pending validation must respond in < 3 seconds even under high data load conditions.,146,Performance Efficiency,"September 24, 2026 7:51 AM",juan david julio serrano,ISO/IEC 25010:2023 — Performance Efficiency (Time behavior),Medium,New Equipment Unit Validation and Onboarding (https://app.notion.com/p/New-Equipment-Unit-Validation-and-Onboarding-39287c56a8288002a1e2fe57718cda8d?pvs=21),NFR-146,Approved,,,NFR
"The system shall communicate technical review results to relevant personnel through non-blocking notifications, without interrupting the main workflow.",147,Interaction Capability,"September 24, 2026 7:51 AM",juan david julio serrano,Nielsen Norman Group (NN/g) - Usability Heuristics (Visibility of System Status),Medium,New Equipment Unit Validation and Onboarding (https://app.notion.com/p/New-Equipment-Unit-Validation-and-Onboarding-39287c56a8288002a1e2fe57718cda8d?pvs=21),NFR-147,Approved,,,NFR
"The system shall monitor available stock levels, generating automatic notifications with differentiated severity levels based on the spare part's technical classification.",149,Functional Suitability,"September 24, 2026 7:51 AM",juan david julio serrano,"ISO 55001:2014, Clause 8.1 — Operational planning and control",High,Replenishment Monitor (Stock Alerts) (https://app.notion.com/p/Replenishment-Monitor-Stock-Alerts-39287c56a828807b9387f498d94f6f6b?pvs=21),FR-149,Approved,,,FR
"The management dashboard shall present the consolidated status of active alerts, allowing filtering by priority, location, and technical material type.",150,Functional Suitability,"September 24, 2026 7:51 AM",juan david julio serrano,Nielsen Norman Group (NN/g) - Information Filtering,High,Replenishment Monitor (Stock Alerts) (https://app.notion.com/p/Replenishment-Monitor-Stock-Alerts-39287c56a828807b9387f498d94f6f6b?pvs=21),FR-150,Approved,,,FR
"The system shall integrate the alert flow with the generation of internal material requisitions, pre-filling technical information for subsequent export or integration.",151,Functional Suitability,"September 24, 2026 7:51 AM",juan david julio serrano,Wireman Vol 2 - Replenishment Policies,High,Replenishment Monitor (Stock Alerts) (https://app.notion.com/p/Replenishment-Monitor-Stock-Alerts-39287c56a828807b9387f498d94f6f6b?pvs=21),FR-151,Approved,,,FR
"Resolving low-stock conditions shall trigger the automatic closure of related alerts, maintaining chronological integrity between inventory receipt and normalization.",152,Functional Suitability,"September 24, 2026 7:51 AM",juan david julio serrano,"ISO 55001:2014, Clause 8.1 — Operational planning and control",High,Replenishment Monitor (Stock Alerts) (https://app.notion.com/p/Replenishment-Monitor-Stock-Alerts-39287c56a828807b9387f498d94f6f6b?pvs=21),FR-152,Approved,,,FR
"The system shall allow the periodic consolidation of requirements for low-turnover or minor-criticality materials, optimizing warehouse administrative management.",153,Functional Suitability,"September 24, 2026 7:51 AM",juan david julio serrano,Wireman Vol 2 - MRO Inventory Management,Medium,Replenishment Monitor (Stock Alerts) (https://app.notion.com/p/Replenishment-Monitor-Stock-Alerts-39287c56a828807b9387f498d94f6f6b?pvs=21),FR-153,Approved,,,FR
Authorized personnel may dynamically adjust safety thresholds and reorder points according to seasonal variations or operational demand.,154,Functional Suitability,"September 24, 2026 7:51 AM",juan david julio serrano,"ISO 55001:2014, Clause 8.1 — Operational planning and control",Medium,Replenishment Monitor (Stock Alerts) (https://app.notion.com/p/Replenishment-Monitor-Stock-Alerts-39287c56a828807b9387f498d94f6f6b?pvs=21),FR-154,Approved,,,FR
"The system shall provide executive reports on replenishment efficiency, analyzing response times to critical alerts.",155,Functional Suitability,"September 24, 2026 7:51 AM",juan david julio serrano,"ISO 55001:2014, Clause 9.1 — Monitoring, measurement, analysis",Low,Replenishment Monitor (Stock Alerts) (https://app.notion.com/p/Replenishment-Monitor-Stock-Alerts-39287c56a828807b9387f498d94f6f6b?pvs=21),FR-155,Approved,,,FR
The detection of critical stock conditions must be performed with sufficient frequency to guarantee operational information accuracy after each transaction.,156,Performance Efficiency,"September 24, 2026 7:51 AM",juan david julio serrano,ISO/IEC 25010:2023 — Performance Efficiency (Time behavior),High,Replenishment Monitor (Stock Alerts) (https://app.notion.com/p/Replenishment-Monitor-Stock-Alerts-39287c56a828807b9387f498d94f6f6b?pvs=21),NFR-156,Approved,,,NFR
"The system shall centralize alert delivery via a notification panel within the user interface, allowing responsible personnel to immediately visualize criticality.",157,Interaction Capability,"September 24, 2026 7:51 AM",juan david julio serrano,Nielsen Norman Group (NN/g) - Usability Heuristics (Visibility of System Status),High,Replenishment Monitor (Stock Alerts) (https://app.notion.com/p/Replenishment-Monitor-Stock-Alerts-39287c56a828807b9387f498d94f6f6b?pvs=21),NFR-157,Approved,,,NFR
The alert monitoring interface must support the efficient visualization of active requirements with a load response of < 2 seconds.,158,Performance Efficiency,"September 24, 2026 7:51 AM",juan david julio serrano,ISO/IEC 25010:2023 — Performance Efficiency (Capacity),Medium,Replenishment Monitor (Stock Alerts) (https://app.notion.com/p/Replenishment-Monitor-Stock-Alerts-39287c56a828807b9387f498d94f6f6b?pvs=21),NFR-158,Approved,,,NFR
The configuration of master inventory parameters must propagate to the system's validation rules consistently to ensure new thresholds are applied immediately.,159,Reliability,"September 24, 2026 7:51 AM",juan david julio serrano,ISO/IEC 25010:2023 — Reliability (Consistency),Medium,Replenishment Monitor (Stock Alerts) (https://app.notion.com/p/Replenishment-Monitor-Stock-Alerts-39287c56a828807b9387f498d94f6f6b?pvs=21),NFR-159,Approved,,,NFR
"The system shall allow the creation of root nodes for the industrial taxonomy, complying with the hierarchical levels defined in the ISO 14224 standard.",160,Functional Suitability,"September 24, 2026 7:51 AM",juan david julio serrano,"ISO 14224:2016, Section 6 — Taxonomy: definition of equipment hierarchy",High,Functional Locations Creation (https://app.notion.com/p/Functional-Locations-Creation-39287c56a8288099bd87f70c2e4837b5?pvs=21),FR-160,Approved,,,FR
"The system shall validate that each new Functional Location maintains a coherent hierarchical relationship with its parent node, preventing the creation of disordered levels.",161,Functional Suitability,"September 24, 2026 7:57 AM",juan david julio serrano,"ISO 14224:2016, Section 6 — Taxonomy constraints",High,Functional Locations Creation (https://app.notion.com/p/Functional-Locations-Creation-39287c56a8288099bd87f70c2e4837b5?pvs=21),FR-161,Approved,,,FR
"The system shall provide functions to dynamically reorganize the technical tree structure, validating relationship integrity upon every structural adjustment.",162,Functional Suitability,"September 24, 2026 7:57 AM",juan david julio serrano,"ISO 14224:2016, Section 6 — Taxonomy management",High,Functional Locations Creation (https://app.notion.com/p/Functional-Locations-Creation-39287c56a8288099bd87f70c2e4837b5?pvs=21),FR-162,Approved,,,FR
The system shall restrict the deletion of technical locations that have installed Equipment Units or active hierarchical dependencies to prevent data orphanage.,163,Functional Suitability,"September 24, 2026 7:57 AM",juan david julio serrano,ACID Database Transaction Properties (Referential Integrity),High,Functional Locations Creation (https://app.notion.com/p/Functional-Locations-Creation-39287c56a8288099bd87f70c2e4837b5?pvs=21),FR-163,Approved,,,FR
The system shall include technical search capabilities to rapidly locate operational positions within the complex organizational structure.,164,Functional Suitability,"September 24, 2026 7:57 AM",juan david julio serrano,Nielsen Norman Group (NN/g) - Search & Findability,Low,Functional Locations Creation (https://app.notion.com/p/Functional-Locations-Creation-39287c56a8288099bd87f70c2e4837b5?pvs=21),FR-164,Approved,,,FR
The system shall allow the generation of reports detailing the complete Functional Location architecture to support strategic planning processes.,165,Functional Suitability,"September 24, 2026 7:57 AM",juan david julio serrano,"ISO 55001:2014, Clause 9.1 — Monitoring",Low,Functional Locations Creation (https://app.notion.com/p/Functional-Locations-Creation-39287c56a8288099bd87f70c2e4837b5?pvs=21),FR-165,Approved,,,FR
"The visualization of the complete hierarchy must be fluid, allowing navigation through extensive structures with a load response of < 3 seconds.",166,Performance Efficiency,"September 24, 2026 7:57 AM",juan david julio serrano,ISO/IEC 25010:2023 — Performance Efficiency (Time behavior),High,Functional Locations Creation (https://app.notion.com/p/Functional-Locations-Creation-39287c56a8288099bd87f70c2e4837b5?pvs=21),NFR-166,Approved,,,NFR
Integrity validations and cycle detection must execute in < 1 second to ensure an immediate user experience.,167,Performance Efficiency,"September 24, 2026 7:57 AM",juan david julio serrano,ISO/IEC 25010:2023 — Performance Efficiency (Time behavior),High,Functional Locations Creation (https://app.notion.com/p/Functional-Locations-Creation-39287c56a8288099bd87f70c2e4837b5?pvs=21),NFR-167,Approved,,,NFR
"Restructuring operations must be executed under an ""all or nothing"" scheme, ensuring the hierarchy never enters a partial or broken state.",168,Reliability,"September 24, 2026 7:57 AM",juan david julio serrano,ACID Database Transaction Properties (Atomicity),Medium,Functional Locations Creation (https://app.notion.com/p/Functional-Locations-Creation-39287c56a8288099bd87f70c2e4837b5?pvs=21),NFR-168,Approved,,,NFR
"The system must handle simultaneous editing of the technical structure, ensuring that changes from different engineers are not overwritten and operational inconsistencies are not generated.",169,Reliability,"September 24, 2026 7:57 AM",juan david julio serrano,ACID Database Transaction Properties (Isolation),Medium,Functional Locations Creation (https://app.notion.com/p/Functional-Locations-Creation-39287c56a8288099bd87f70c2e4837b5?pvs=21),NFR-169,Approved,,,NFR
"The system shall allow the creation of spare parts by capturing their unique identifier (SKU), technical description, manufacturer, and industrial classification.",170,Functional Suitability,"September 24, 2026 7:57 AM",juan david julio serrano,Wireman Vol 2 - MRO Inventory Management,High,Part Master Catalog Management (https://app.notion.com/p/Part-Master-Catalog-Management-39287c56a82880e5b7c9dd7991c3cb47?pvs=21),FR-170,Approved,,,FR
"The system shall identify potential duplicate records by comparing technical attributes during the registration process, notifying the user to ensure master catalog purity.",171,Functional Suitability,"September 24, 2026 7:57 AM",juan david julio serrano,Wireman Vol 2 - MRO Data Quality,High,Part Master Catalog Management (https://app.notion.com/p/Part-Master-Catalog-Management-39287c56a82880e5b7c9dd7991c3cb47?pvs=21),FR-171,Approved,,,FR
"The system shall provide a hierarchical selector for material classification, allowing navigation through technical classes, families, and groups according to ISO 14224.",172,Functional Suitability,"September 24, 2026 7:57 AM",juan david julio serrano,"ISO 14224:2016, Section 6 — Taxonomy",High,Part Master Catalog Management (https://app.notion.com/p/Part-Master-Catalog-Management-39287c56a82880e5b7c9dd7991c3cb47?pvs=21),FR-172,Approved,,,FR
"The system shall dynamically configure inventory management fields (e.g., reorder points, locations) based on the material's supply policy.",173,Functional Suitability,"September 24, 2026 7:57 AM",juan david julio serrano,Wireman Vol 2 - Replenishment Policies,High,Part Master Catalog Management (https://app.notion.com/p/Part-Master-Catalog-Management-39287c56a82880e5b7c9dd7991c3cb47?pvs=21),FR-173,Approved,,,FR
The system shall allow the update of technical attributes and stock policies for existing spare parts under a technical version control scheme.,174,Functional Suitability,"September 24, 2026 7:57 AM",juan david julio serrano,"ISO 55001:2014, Clause 7.5 — Documented information",Medium,Part Master Catalog Management (https://app.notion.com/p/Part-Master-Catalog-Management-39287c56a82880e5b7c9dd7991c3cb47?pvs=21),FR-174,Approved,,,FR
"The system shall include technical search capabilities to locate materials using multiple criteria, optimizing response times for critical Equipment Unit spare part requests.",175,Functional Suitability,"September 24, 2026 7:57 AM",juan david julio serrano,Nielsen Norman Group (NN/g) - Search & Findability,Medium,Part Master Catalog Management (https://app.notion.com/p/Part-Master-Catalog-Management-39287c56a82880e5b7c9dd7991c3cb47?pvs=21),FR-175,Approved,,,FR
The system shall allow generating consolidated reports of the master spare parts catalog to facilitate cyclical inventory and technical audit processes.,176,Functional Suitability,"September 24, 2026 7:57 AM",juan david julio serrano,"ISO 55001:2014, Clause 9.2 — Internal audit",Low,Part Master Catalog Management (https://app.notion.com/p/Part-Master-Catalog-Management-39287c56a82880e5b7c9dd7991c3cb47?pvs=21),FR-176,Approved,,,FR
The uniqueness validation of spare part identifiers must be performed immediately (< 1 second) to ensure administrative process fluidity.,177,Performance Efficiency,"September 24, 2026 7:57 AM",juan david julio serrano,ISO/IEC 25010:2023 — Performance Efficiency (Time behavior),High,Part Master Catalog Management (https://app.notion.com/p/Part-Master-Catalog-Management-39287c56a82880e5b7c9dd7991c3cb47?pvs=21),NFR-177,Approved,,,NFR
The redundancy analysis for duplicate detection must complete in < 2 seconds to minimize redundant record creation without degrading user experience.,178,Performance Efficiency,"September 24, 2026 7:57 AM",juan david julio serrano,ISO/IEC 25010:2023 — Performance Efficiency (Time behavior),High,Part Master Catalog Management (https://app.notion.com/p/Part-Master-Catalog-Management-39287c56a82880e5b7c9dd7991c3cb47?pvs=21),NFR-178,Approved,,,NFR
"Taxonomic validation and category navigation must be immediate (< 1 second), ensuring users can classify items without perceptible delays.",179,Performance Efficiency,"September 24, 2026 7:57 AM",juan david julio serrano,ISO/IEC 25010:2023 — Performance Efficiency (Time behavior),High,Part Master Catalog Management (https://app.notion.com/p/Part-Master-Catalog-Management-39287c56a82880e5b7c9dd7991c3cb47?pvs=21),NFR-179,Approved,,,NFR
The system must guarantee consistent search performance even when handling extensive industrial-level material catalogs.,180,Performance Efficiency,"September 24, 2026 7:57 AM",juan david julio serrano,ISO/IEC 25010:2023 — Performance Efficiency (Capacity),Medium,Part Master Catalog Management (https://app.notion.com/p/Part-Master-Catalog-Management-39287c56a82880e5b7c9dd7991c3cb47?pvs=21),NFR-180,Approved,,,NFR
The system shall ensure technical consistency in transactions through the automatic validation and conversion of standardized Units of Measure (UoM).,181,Functional Suitability,"September 24, 2026 7:57 AM",juan david julio serrano,ISO 80000 - Quantities and Units,Medium,Part Master Catalog Management (https://app.notion.com/p/Part-Master-Catalog-Management-39287c56a82880e5b7c9dd7991c3cb47?pvs=21),FR-181,Approved,,,FR
"The system shall allow the HSEQ Inspector to toggle the ""Work Permits"" layer, which shall overlay the current 2D/3D Digital Twin view without obscuring the base context.",182,Functional Suitability,"September 24, 2026 7:57 AM",juan david julio serrano,The High Performance HMI Handbook (Hollifield),High,Work Permit Layer Visualization (https://app.notion.com/p/Work-Permit-Layer-Visualization-39287c56a8288049aec5de9a1b599c94?pvs=21),FR-182,Approved,,,FR
"The system shall render visual icons for each Work Permit aligned with the HPHMI philosophy, utilizing redundant coding (Color + Shape) against the industrial gray background.",183,Functional Suitability,"September 24, 2026 7:57 AM",juan david julio serrano,The High Performance HMI Handbook (Redundant Coding),High,Work Permit Layer Visualization (https://app.notion.com/p/Work-Permit-Layer-Visualization-39287c56a8288049aec5de9a1b599c94?pvs=21),FR-183,Approved,,,FR
"Clicking on a Permit icon shall deploy a compact pop-up card without obscuring the map context, containing minimum data: Permit Type, Contractor, HSEQ Responsible, Start/End Time, Status, and a 'View Details' action.",184,Functional Suitability,"September 24, 2026 7:57 AM",juan david julio serrano,Nielsen Norman Group (NN/g) - Popups and Overlays,High,Work Permit Layer Visualization (https://app.notion.com/p/Work-Permit-Layer-Visualization-39287c56a8288049aec5de9a1b599c94?pvs=21),FR-184,Approved,,,FR
"The system shall implement Integrity Validation (Orphan Detection): for each active Work Permit, it shall validate the existence of a corresponding 2D/3D object Tag in the loaded view, generating a visual alert if the link is broken.",185,Functional Suitability,"September 24, 2026 7:57 AM",juan david julio serrano,"ISO 55001:2014, Clause 7.5 — Documented information",High,Work Permit Layer Visualization (https://app.notion.com/p/Work-Permit-Layer-Visualization-39287c56a8288049aec5de9a1b599c94?pvs=21),FR-185,Approved,,,FR
"The system shall display a collapsible side panel titled ""Visualization Failures"" listing all Permits with broken links, enabling the user to resolve them and automatically update the map icon.",186,Functional Suitability,"September 24, 2026 7:57 AM",juan david julio serrano,Nielsen Norman Group (NN/g) - Error Recovery,High,Work Permit Layer Visualization (https://app.notion.com/p/Work-Permit-Layer-Visualization-39287c56a8288049aec5de9a1b599c94?pvs=21),FR-186,Approved,,,FR
"The system shall synchronize permits in near real-time from the origin service, adding, removing, and updating statuses without page refreshes, and displaying an alert if the service stops responding.",187,Functional Suitability,"September 24, 2026 7:57 AM",juan david julio serrano,WebSockets / SSE Architecture Guidelines,Medium,Work Permit Layer Visualization (https://app.notion.com/p/Work-Permit-Layer-Visualization-39287c56a8288049aec5de9a1b599c94?pvs=21),FR-187,Approved,,,FR
"The system shall allow filtering visible permits by type (e.g., Hot Work, Heights, Confined Space) via selection controls, preserving the state during the user session.",188,Functional Suitability,"September 24, 2026 7:57 AM",juan david julio serrano,Nielsen Norman Group (NN/g) - Information Filtering,Medium,Work Permit Layer Visualization (https://app.notion.com/p/Work-Permit-Layer-Visualization-39287c56a8288049aec5de9a1b599c94?pvs=21),FR-188,Approved,,,FR
"Hovering the cursor over a Permit icon shall display a compact tooltip showing the Type, Contractor, and action indicator, which disappears when the cursor is removed.",189,Functional Suitability,"September 24, 2026 7:57 AM",juan david julio serrano,Nielsen Norman Group (NN/g) - Tooltips,Low,Work Permit Layer Visualization (https://app.notion.com/p/Work-Permit-Layer-Visualization-39287c56a8288049aec5de9a1b599c94?pvs=21),FR-189,Approved,,,FR
The rendering of the permits layer (up to 100 simultaneous icons) must target >= 30 FPS on mobile and >= 60 FPS on desktop during panning and zooming to prevent map degradation.,190,Performance Efficiency,"September 24, 2026 7:57 AM",juan david julio serrano,ISO/IEC 25010:2023 — Performance Efficiency (Time behavior),High,Work Permit Layer Visualization (https://app.notion.com/p/Work-Permit-Layer-Visualization-39287c56a8288049aec5de9a1b599c94?pvs=21),NFR-190,Approved,,,NFR
Orphan Detection integrity validation must complete in < 5 seconds for a dataset of up to 100 active permits cross-referenced against the loaded model.,191,Performance Efficiency,"September 24, 2026 7:57 AM",juan david julio serrano,ISO/IEC 25010:2023 — Performance Efficiency (Time behavior),High,Work Permit Layer Visualization (https://app.notion.com/p/Work-Permit-Layer-Visualization-39287c56a8288049aec5de9a1b599c94?pvs=21),NFR-191,Approved,,,NFR
Work Permit status changes must be reflected on the map within a maximum of 5 seconds from the source update.,192,Performance Efficiency,"September 24, 2026 7:57 AM",juan david julio serrano,ISO/IEC 25010:2023 — Performance Efficiency (Time behavior),High,Work Permit Layer Visualization (https://app.notion.com/p/Work-Permit-Layer-Visualization-39287c56a8288049aec5de9a1b599c94?pvs=21),NFR-192,Approved,,,NFR
"The visual coding (colors and shapes) must comply with the WCAG 2.1 AA standard to guarantee legibility for color blindness, including a permanent accessible visual legend.",193,Interaction Capability,"September 24, 2026 7:57 AM",juan david julio serrano,W3C Web Content Accessibility Guidelines (WCAG) 2.1 AA,High,Work Permit Layer Visualization (https://app.notion.com/p/Work-Permit-Layer-Visualization-39287c56a8288049aec5de9a1b599c94?pvs=21),NFR-193,Approved,,,NFR
"If the source permit service is unavailable, the layer must display the last known state with a clear visual alert, without blocking or degrading other Digital Twin functionalities.",194,Reliability,"September 24, 2026 7:57 AM",juan david julio serrano,Offline-First Design Principles (Graceful Degradation),Medium,Work Permit Layer Visualization (https://app.notion.com/p/Work-Permit-Layer-Visualization-39287c56a8288049aec5de9a1b599c94?pvs=21),NFR-194,Approved,,,NFR
"The Permits Layer must adapt to hardware constraints; if 3D acceleration is unavailable, the system shall present the equivalent layer on the 2D plane.",195,Flexibility,"September 24, 2026 7:57 AM",juan david julio serrano,ISO/IEC 25010:2023 — Flexibility (Adaptability),Medium,Work Permit Layer Visualization (https://app.notion.com/p/Work-Permit-Layer-Visualization-39287c56a8288049aec5de9a1b599c94?pvs=21),NFR-195,Approved,,,NFR
"The system shall allow the Supervisor to zoom via mouse scroll or touch gestures (pinch), acting on the focal point under the cursor with adjustable sensitivity.",196,Functional Suitability,"September 24, 2026 8:04 AM",juan david julio serrano,Nielsen Norman Group (NN/g) - Touch and Map Gestures,High,Hierarchical Navigation and Semantic Zoom (https://app.notion.com/p/Hierarchical-Navigation-and-Semantic-Zoom-39287c56a82880af983aeb6a89764f2c?pvs=21),FR-196,Approved,,,FR
"The system shall implement 3 zoom levels with automatic transitions: (a) Level 1: General Area View, (b) Level 2: Specific Area with icons and labels, (c) Level 3: Equipment Unit Detail with telemetry and technical data.",197,Functional Suitability,"September 24, 2026 8:04 AM",juan david julio serrano,Semantic Zoom Patterns (Map UI Design),High,Hierarchical Navigation and Semantic Zoom (https://app.notion.com/p/Hierarchical-Navigation-and-Semantic-Zoom-39287c56a82880af983aeb6a89764f2c?pvs=21),FR-197,Approved,,,FR
"Upon changing zoom levels, the system shall load corresponding data asynchronously without blocking the user interface, ensuring navigation continuity.",198,Functional Suitability,"September 24, 2026 8:04 AM",juan david julio serrano,Single Page Application (SPA) Design Patterns,High,Hierarchical Navigation and Semantic Zoom (https://app.notion.com/p/Hierarchical-Navigation-and-Semantic-Zoom-39287c56a82880af983aeb6a89764f2c?pvs=21),FR-198,Approved,,,FR
"The system shall guarantee a fluid transition between information layers (semantic zoom), reducing visual complexity at distant levels and increasing technical detail at closer levels.",199,Functional Suitability,"September 24, 2026 8:04 AM",juan david julio serrano,Nielsen Norman Group (NN/g) - Visual Hierarchy,High,Hierarchical Navigation and Semantic Zoom (https://app.notion.com/p/Hierarchical-Navigation-and-Semantic-Zoom-39287c56a82880af983aeb6a89764f2c?pvs=21),FR-199,Approved,,,FR
"The system shall restrict camera movement via defined volume limits. If the user attempts to exceed the limits, the camera shall smoothly halt with a dampening animation.",200,Functional Suitability,"September 24, 2026 8:04 AM",juan david julio serrano,3D Space Navigation Best Practices,High,Hierarchical Navigation and Semantic Zoom (https://app.notion.com/p/Hierarchical-Navigation-and-Semantic-Zoom-39287c56a82880af983aeb6a89764f2c?pvs=21),FR-200,Approved,,,FR
"The system shall provide a ""General View"" control that resets the camera to the starting position via an animated transition of < 800ms.",201,Functional Suitability,"September 24, 2026 8:04 AM",juan david julio serrano,Nielsen Norman Group (NN/g) - User Control and Freedom,High,Hierarchical Navigation and Semantic Zoom (https://app.notion.com/p/Hierarchical-Navigation-and-Semantic-Zoom-39287c56a82880af983aeb6a89764f2c?pvs=21),FR-201,Approved,,,FR
The system shall dynamically manage data layer visibility according to the zoom level to optimize rendering performance and prevent cognitive noise.,202,Functional Suitability,"September 24, 2026 8:04 AM",juan david julio serrano,Progressive Disclosure Patterns,Medium,Hierarchical Navigation and Semantic Zoom (https://app.notion.com/p/Hierarchical-Navigation-and-Semantic-Zoom-39287c56a82880af983aeb6a89764f2c?pvs=21),FR-202,Approved,,,FR
"The system shall allow fixing the view on a specific Equipment Unit, maintaining detailed focus during lateral map displacements to facilitate status tracking.",203,Functional Suitability,"September 24, 2026 8:04 AM",juan david julio serrano,Information Visualization (Shneiderman's Mantra),Medium,Hierarchical Navigation and Semantic Zoom (https://app.notion.com/p/Hierarchical-Navigation-and-Semantic-Zoom-39287c56a82880af983aeb6a89764f2c?pvs=21),FR-203,Approved,,,FR
"Transitions between zoom levels must complete in < 800ms, targeting >= 30 FPS on mobile and >= 60 FPS on desktop during navigation.",204,Performance Efficiency,"September 24, 2026 8:04 AM",juan david julio serrano,ISO/IEC 25010:2023 — Performance Efficiency (Time behavior),High,Hierarchical Navigation and Semantic Zoom (https://app.notion.com/p/Hierarchical-Navigation-and-Semantic-Zoom-39287c56a82880af983aeb6a89764f2c?pvs=21),NFR-204,Approved,,,NFR
The initiation of data loading for a new zoom level must occur in < 100ms after the level change to guarantee a perception of immediate response.,205,Performance Efficiency,"September 24, 2026 8:04 AM",juan david julio serrano,ISO/IEC 25010:2023 — Performance Efficiency (Time behavior),High,Hierarchical Navigation and Semantic Zoom (https://app.notion.com/p/Hierarchical-Navigation-and-Semantic-Zoom-39287c56a82880af983aeb6a89764f2c?pvs=21),NFR-205,Approved,,,NFR
The zoom response to input actions (mouse/touch) must have a latency of < 100ms.,206,Performance Efficiency,"September 24, 2026 8:04 AM",juan david julio serrano,ISO/IEC 25010:2023 — Performance Efficiency (Time behavior),High,Hierarchical Navigation and Semantic Zoom (https://app.notion.com/p/Hierarchical-Navigation-and-Semantic-Zoom-39287c56a82880af983aeb6a89764f2c?pvs=21),NFR-206,Approved,,,NFR
"The system must maintain rendering fluidity and application stability against abrupt level-of-detail changes, preventing freezing due to client graphic resource insufficiency.",207,Performance Efficiency,"September 24, 2026 8:04 AM",juan david julio serrano,ISO/IEC 25010:2023 — Performance Efficiency (Capacity),High,Hierarchical Navigation and Semantic Zoom (https://app.notion.com/p/Hierarchical-Navigation-and-Semantic-Zoom-39287c56a82880af983aeb6a89764f2c?pvs=21),NFR-207,Approved,,,NFR
Navigation must be functional and consistent across desktop and mobile environments via input event normalization.,208,Flexibility,"September 24, 2026 8:04 AM",juan david julio serrano,ISO/IEC 25010:2023 — Flexibility (Adaptability),Medium,Hierarchical Navigation and Semantic Zoom (https://app.notion.com/p/Hierarchical-Navigation-and-Semantic-Zoom-39287c56a82880af983aeb6a89764f2c?pvs=21),NFR-208,Approved,,,NFR
The system shall provide keyboard navigation mechanisms and notify of zoom context changes to support basic accessibility standards.,209,Interaction Capability,"September 24, 2026 8:04 AM",juan david julio serrano,W3C Web Content Accessibility Guidelines (WCAG) 2.1,Medium,Hierarchical Navigation and Semantic Zoom (https://app.notion.com/p/Hierarchical-Navigation-and-Semantic-Zoom-39287c56a82880af983aeb6a89764f2c?pvs=21),NFR-209,Approved,,,NFR
"The system shall provide a ""View Exploded"" option in the Equipment Unit detail panel only when the exploded model is available. The transition to the exploded mode shall use a component separation animation of < 1.5s.",210,Functional Suitability,"September 24, 2026 8:04 AM",juan david julio serrano,The High Performance HMI Handbook,High,Exploded View Visualization (https://app.notion.com/p/Exploded-View-Visualization-39287c56a82880b9b318c66ced520ca6?pvs=21),FR-210,Approved,,,FR
"The system shall display each internal component of the Equipment Unit as a separate object within the exploded view, linked to its master technical inventory data.",211,Functional Suitability,"September 24, 2026 8:04 AM",juan david julio serrano,"ISO 14224:2016, Section 6 — Taxonomy (Maintainable Item linkage)",High,Exploded View Visualization (https://app.notion.com/p/Exploded-View-Visualization-39287c56a82880b9b318c66ced520ca6?pvs=21),FR-211,Approved,,,FR
"Selecting a component in the exploded view shall visually highlight it and present a detail card with its technical name, part code, and stock availability at the time of query.",212,Functional Suitability,"September 24, 2026 8:04 AM",juan david julio serrano,Wireman Vol 2 - MRO Inventory Management,High,Exploded View Visualization (https://app.notion.com/p/Exploded-View-Visualization-39287c56a82880b9b318c66ced520ca6?pvs=21),FR-212,Approved,,,FR
"The system shall support sequential navigation between exploded components via keyboard shortcuts, updating the highlight and technical information at each step.",213,Functional Suitability,"September 24, 2026 8:04 AM",juan david julio serrano,W3C Web Content Accessibility Guidelines (WCAG) 2.1,Medium,Exploded View Visualization (https://app.notion.com/p/Exploded-View-Visualization-39287c56a82880b9b318c66ced520ca6?pvs=21),FR-213,Approved,,,FR
"The system shall provide a control to deactivate the exploded mode, reintegrating components to their original position via a reverse animation of < 1.5s.",214,Functional Suitability,"September 24, 2026 8:04 AM",juan david julio serrano,Nielsen Norman Group (NN/g) - 10 Usability Heuristics,High,Exploded View Visualization (https://app.notion.com/p/Exploded-View-Visualization-39287c56a82880b9b318c66ced520ca6?pvs=21),FR-214,Approved,,,FR
"The system shall allow exporting the current exploded view as a high-resolution image, including the Equipment Unit name and export timestamp.",215,Functional Suitability,"September 24, 2026 8:04 AM",juan david julio serrano,"ISO 55001:2014, Clause 7.5 — Documented information",Medium,Exploded View Visualization (https://app.notion.com/p/Exploded-View-Visualization-39287c56a82880b9b318c66ced520ca6?pvs=21),FR-215,Approved,,,FR
The system shall display a collapsible technical legend listing all visible components with their inventory availability indicators.,216,Functional Suitability,"September 24, 2026 8:04 AM",juan david julio serrano,The High Performance HMI Handbook,Medium,Exploded View Visualization (https://app.notion.com/p/Exploded-View-Visualization-39287c56a82880b9b318c66ced520ca6?pvs=21),FR-216,Approved,,,FR
"The stock availability information for a component shall be queried on-demand upon selecting the component in the exploded view, without background auto-sync.",217,Functional Suitability,"September 24, 2026 8:04 AM",juan david julio serrano,Architectural Performance Guidelines,Low,Exploded View Visualization (https://app.notion.com/p/Exploded-View-Visualization-39287c56a82880b9b318c66ced520ca6?pvs=21),FR-217,Approved,,,FR
"Separation and integration animations of the exploded view must be fluid (targeting >= 30 FPS on mobile, >= 60 FPS on desktop) and complete in < 1.5s.",218,Performance Efficiency,"September 24, 2026 8:04 AM",juan david julio serrano,ISO/IEC 25010:2023 — Performance Efficiency (Time behavior),High,Exploded View Visualization (https://app.notion.com/p/Exploded-View-Visualization-39287c56a82880b9b318c66ced520ca6?pvs=21),NFR-218,Approved,,,NFR
"The loading of detailed exploded geometries must be performed asynchronously without blocking the user interface, with a maximum wait time of 5 seconds before displaying a progress indicator.",219,Performance Efficiency,"September 24, 2026 8:04 AM",juan david julio serrano,ISO/IEC 25010:2023 — Performance Efficiency (Time behavior),High,Exploded View Visualization (https://app.notion.com/p/Exploded-View-Visualization-39287c56a82880b9b318c66ced520ca6?pvs=21),NFR-219,Approved,,,NFR
"The system must maintain application stability and main viewer fluidity when activating exploded mode, without causing perceptible degradation in the rest of the interface's performance.",220,Performance Efficiency,"September 24, 2026 8:04 AM",juan david julio serrano,ISO/IEC 25010:2023 — Performance Efficiency (Capacity),High,Exploded View Visualization (https://app.notion.com/p/Exploded-View-Visualization-39287c56a82880b9b318c66ced520ca6?pvs=21),NFR-220,Approved,,,NFR
"Technical component data queries (availability, part code) must be resolved in < 500ms to maintain inspection flow interactivity.",221,Performance Efficiency,"September 24, 2026 8:04 AM",juan david julio serrano,ISO/IEC 25010:2023 — Performance Efficiency (Time behavior),High,Exploded View Visualization (https://app.notion.com/p/Exploded-View-Visualization-39287c56a82880b9b318c66ced520ca6?pvs=21),NFR-221,Approved,,,NFR
The system shall employ high-contrast color palettes aligned with the HPHMI philosophy and complying with WCAG 2.1 AA to guarantee the technical legibility of highlighted components.,222,Interaction Capability,"September 24, 2026 8:04 AM",juan david julio serrano,W3C Web Content Accessibility Guidelines (WCAG) 2.1 AA,High,Exploded View Visualization (https://app.notion.com/p/Exploded-View-Visualization-39287c56a82880b9b318c66ced520ca6?pvs=21),NFR-222,Approved,,,NFR
"The exploded view must be functional in browsers supporting standard graphic acceleration (WebGL). If unsupported, the system must notify the user without interrupting access to the rest of the detail panel.",223,Flexibility,"September 24, 2026 8:04 AM",juan david julio serrano,Offline-First Design Principles (Graceful Degradation),High,Exploded View Visualization (https://app.notion.com/p/Exploded-View-Visualization-39287c56a82880b9b318c66ced520ca6?pvs=21),NFR-223,Approved,,,NFR
Zoom preferences and the active selected component shall be preserved during the technician's working session to prevent context loss when navigating between Equipment Units.,224,Interaction Capability,"September 24, 2026 8:04 AM",juan david julio serrano,Nielsen Norman Group (NN/g) - Session State Persistence,Medium,Exploded View Visualization (https://app.notion.com/p/Exploded-View-Visualization-39287c56a82880b9b318c66ced520ca6?pvs=21),NFR-224,Approved,,,NFR
"The system shall provide a ""View LOTO Route"" option in the Work Order detail panel when required by the procedure, displaying the energy isolation route overlaid on the Digital Twin with visual safety indicators.",225,Functional Suitability,"September 24, 2026 8:04 AM",juan david julio serrano,OSHA 1910.147 - The control of hazardous energy (lockout/tagout),High,Isolation Route (LOTO) and Active Lock Visualization (https://app.notion.com/p/Isolation-Route-LOTO-and-Active-Lock-Visualization-39287c56a82880378ba0c0670575efe9?pvs=21),FR-225,Approved,,,FR
"The system shall render energy traceability lines with dynamic visual coding, updating statuses according to data received from the IoT telemetry source.",226,Functional Suitability,"September 24, 2026 8:04 AM",juan david julio serrano,"ISO 55001:2014, Clause 8.1 — Operational control",High,Isolation Route (LOTO) and Active Lock Visualization (https://app.notion.com/p/Isolation-Route-LOTO-and-Active-Lock-Visualization-39287c56a82880378ba0c0670575efe9?pvs=21),FR-226,Approved,,,FR
"The system shall render isolation points (breakers, valves) using standard industrial symbology, indicating the physical Tag and the current safety status reported by telemetry.",227,Functional Suitability,"September 24, 2026 8:04 AM",juan david julio serrano,The High Performance HMI Handbook (Symbology),High,Isolation Route (LOTO) and Active Lock Visualization (https://app.notion.com/p/Isolation-Route-LOTO-and-Active-Lock-Visualization-39287c56a82880378ba0c0670575efe9?pvs=21),FR-227,Approved,,,FR
The system shall display a mandatory checklist of isolation points that the technician must confirm sequentially. Total isolation confirmation shall be disabled until all checklist items are marked.,228,Functional Suitability,"September 24, 2026 8:04 AM",juan david julio serrano,OSHA 1910.147 - Energy Isolation Validation,High,Isolation Route (LOTO) and Active Lock Visualization (https://app.notion.com/p/Isolation-Route-LOTO-and-Active-Lock-Visualization-39287c56a82880378ba0c0670575efe9?pvs=21),FR-228,Approved,,,FR
ACTIVE LOCK [CRITICAL]: The system shall disable work initiation in the interface if telemetry reports energy levels above defined safety thresholds. This lock cannot be bypassed without explicit supervisory confirmation.,229,Safety,"September 24, 2026 8:04 AM",juan david julio serrano,ISO/IEC 25010:2023 — Safety (Risk Mitigation) / OSHA 1910.147,High,Isolation Route (LOTO) and Active Lock Visualization (https://app.notion.com/p/Isolation-Route-LOTO-and-Active-Lock-Visualization-39287c56a82880378ba0c0670575efe9?pvs=21),NFR-229,Approved,,,NFR
The system shall require a manual confirmation of complete isolation by the technician ONLY AFTER the telemetry source confirms a Zero Energy state across all cutoff points.,230,Functional Suitability,"September 24, 2026 8:04 AM",juan david julio serrano,OSHA 1910.147 - Verification of Isolation,High,Isolation Route (LOTO) and Active Lock Visualization (https://app.notion.com/p/Isolation-Route-LOTO-and-Active-Lock-Visualization-39287c56a82880378ba0c0670575efe9?pvs=21),FR-230,Approved,,,FR
"Upon formalizing the initiation of work, the system shall record in the audit history: final safety parameters, technician confirmation, timestamp, and telemetry readings at the moment of initiation.",231,Functional Suitability,"September 24, 2026 8:08 AM",juan david julio serrano,OSHA 1910.147 - LOTO Auditability,High,Isolation Route (LOTO) and Active Lock Visualization (https://app.notion.com/p/Isolation-Route-LOTO-and-Active-Lock-Visualization-39287c56a82880378ba0c0670575efe9?pvs=21),FR-231,Approved,,,FR
"The system shall continuously monitor telemetry during Work Order execution. If accidental energy reconnection is detected, the system shall activate immediate alarms and suspend the Work Order due to safety risks.",232,Functional Suitability,"September 24, 2026 8:08 AM",juan david julio serrano,OSHA 1910.147 - Energy Monitoring,High,Isolation Route (LOTO) and Active Lock Visualization (https://app.notion.com/p/Isolation-Route-LOTO-and-Active-Lock-Visualization-39287c56a82880378ba0c0670575efe9?pvs=21),FR-232,Approved,,,FR
The reading and processing of safety states from the IoT telemetry source must be reflected in the interface in < 1 second to guarantee the immediate response of the locking mechanism.,233,Performance Efficiency,"September 24, 2026 8:08 AM",juan david julio serrano,ISO/IEC 25010:2023 — Performance Efficiency (Time behavior),High,Isolation Route (LOTO) and Active Lock Visualization (https://app.notion.com/p/Isolation-Route-LOTO-and-Active-Lock-Visualization-39287c56a82880378ba0c0670575efe9?pvs=21),NFR-233,Approved,,,NFR
"The work initiation locking mechanism must remain active against any evasion attempt via the user interface. If the energy state is uncertain, the system shall assume a hazardous condition (fail-safe).",234,Safety,"September 24, 2026 8:08 AM",juan david julio serrano,ISO/IEC 25010:2023 — Safety (Fail-Safe Design),High,Isolation Route (LOTO) and Active Lock Visualization (https://app.notion.com/p/Isolation-Route-LOTO-and-Active-Lock-Visualization-39287c56a82880378ba0c0670575efe9?pvs=21),NFR-234,Approved,,,NFR
The states of safety control points must be synchronized with the central server to maintain coherence between the technician's device and the central Work Order record.,235,Reliability,"September 24, 2026 8:08 AM",juan david julio serrano,ACID Database Transaction Properties (Consistency),High,Isolation Route (LOTO) and Active Lock Visualization (https://app.notion.com/p/Isolation-Route-LOTO-and-Active-Lock-Visualization-39287c56a82880378ba0c0670575efe9?pvs=21),NFR-235,Approved,,,NFR
"The rendering of LOTO safety routes must remain fluid (targeting >= 30 FPS on mobile, >= 60 FPS on desktop) during the visualization of industrial data layers.",236,Performance Efficiency,"September 24, 2026 8:08 AM",juan david julio serrano,ISO/IEC 25010:2023 — Performance Efficiency (Time behavior),Medium,Isolation Route (LOTO) and Active Lock Visualization (https://app.notion.com/p/Isolation-Route-LOTO-and-Active-Lock-Visualization-39287c56a82880378ba0c0670575efe9?pvs=21),NFR-236,Approved,,,NFR
"The system shall validate the coherence of data received from the telemetry source. Upon any anomalous, inconsistent, or out-of-range reading, the system shall assume a preventative hazardous state.",237,Safety,"September 24, 2026 8:08 AM",juan david julio serrano,ISO/IEC 25010:2023 — Safety (Fault Tolerance),High,Isolation Route (LOTO) and Active Lock Visualization (https://app.notion.com/p/Isolation-Route-LOTO-and-Active-Lock-Visualization-39287c56a82880378ba0c0670575efe9?pvs=21),NFR-237,Approved,,,NFR
"FAIL-SAFE (Disconnectivity): In the event of communication loss with the IoT telemetry source or central server, the system shall preventatively block the initiation of the Work Order until Zero Energy is guaranteed.",238,Safety,"September 24, 2026 8:08 AM",juan david julio serrano,ISO/IEC 25010:2023 — Safety (Fail-Safe Design),High,Isolation Route (LOTO) and Active Lock Visualization (https://app.notion.com/p/Isolation-Route-LOTO-and-Active-Lock-Visualization-39287c56a82880378ba0c0670575efe9?pvs=21),NFR-238,Approved,,,NFR
"The system shall provide an interface to add components to an existing Equipment Unit, validating the uniqueness of the component code within the parent unit prior to confirming creation.",239,Functional Suitability,"September 24, 2026 8:08 AM",juan david julio serrano,"ISO 14224:2016, Section 6 — Taxonomy",High,3D Component Hierarchy Configuration (https://app.notion.com/p/3D-Component-Hierarchy-Configuration-39287c56a82880858eebc5a00515b69c?pvs=21),FR-239,Approved,,,FR
"The system shall allow the upload of 3D model files associated with components. The upload must not block the user interface, and the system shall manage the versioning of geometries.",240,Functional Suitability,"September 24, 2026 8:08 AM",juan david julio serrano,Wireman Vol 4 - The Core CMMS Engine,Medium,3D Component Hierarchy Configuration (https://app.notion.com/p/3D-Component-Hierarchy-Configuration-39287c56a82880858eebc5a00515b69c?pvs=21),FR-240,Approved,,,FR
"The system shall support the relocation of components within the hierarchical tree via direct interface actions, validating the absence of relational cycles and recording structural changes in the history.",241,Functional Suitability,"September 24, 2026 8:08 AM",juan david julio serrano,"ISO 14224:2016, Section 6 — Taxonomy",High,3D Component Hierarchy Configuration (https://app.notion.com/p/3D-Component-Hierarchy-Configuration-39287c56a82880858eebc5a00515b69c?pvs=21),FR-241,Approved,,,FR
"The system shall integrate the technical hierarchy with the Digital Twin visualization, allowing the rendering of a specific 3D model for an individual component during technical field queries.",242,Functional Suitability,"September 24, 2026 8:08 AM",juan david julio serrano,WebGL / 3D Asset Management Standards,Medium,3D Component Hierarchy Configuration (https://app.notion.com/p/3D-Component-Hierarchy-Configuration-39287c56a82880858eebc5a00515b69c?pvs=21),FR-242,Approved,,,FR
"The system shall implement logical deletion (soft delete) of components, preserving the historical integrity of maintenance data and allowing the auditing of technical decommissionings.",243,Functional Suitability,"September 24, 2026 8:08 AM",juan david julio serrano,"ISO 55001:2014, Clause 7.5 — Documented information",High,3D Component Hierarchy Configuration (https://app.notion.com/p/3D-Component-Hierarchy-Configuration-39287c56a82880858eebc5a00515b69c?pvs=21),FR-243,Approved,,,FR
The upload of 3D model files must not increase the latency of querying and editing operations for hierarchical tree metadata. Both operations must remain within their SLAs regardless of file size.,244,Performance Efficiency,"September 24, 2026 8:08 AM",juan david julio serrano,ISO/IEC 25010:2023 — Performance Efficiency (Resource utilization),Medium,3D Component Hierarchy Configuration (https://app.notion.com/p/3D-Component-Hierarchy-Configuration-39287c56a82880858eebc5a00515b69c?pvs=21),NFR-244,Approved,,,NFR
Changes made to the technical hierarchy by an Engineer must be visible to other users without requiring a manual application restart.,245,Interaction Capability,"September 24, 2026 8:08 AM",juan david julio serrano,WebSockets / SSE Architecture Guidelines,Medium,3D Component Hierarchy Configuration (https://app.notion.com/p/3D-Component-Hierarchy-Configuration-39287c56a82880858eebc5a00515b69c?pvs=21),NFR-245,Approved,,,NFR
"The system shall guarantee the consistency of the hierarchical structure of Equipment Units, blocking any operation that generates cycles, orphan references, or relational inconsistencies in the tree.",246,Security,"September 24, 2026 8:08 AM",juan david julio serrano,ACID Database Transaction Properties (Referential Integrity),High,3D Component Hierarchy Configuration (https://app.notion.com/p/3D-Component-Hierarchy-Configuration-39287c56a82880858eebc5a00515b69c?pvs=21),NFR-246,Approved,,,NFR
"The system shall provide an interface for the creation of custom roles, allowing the definition of the name, description, and the modules over which the role will have authority.",247,Functional Suitability,"September 24, 2026 8:08 AM",juan david julio serrano,NIST SP 800-192 (RBAC Framework),High,Role and Permission Matrix Management (Industrial RBAC) (https://app.notion.com/p/Role-and-Permission-Matrix-Management-Industrial-RBAC-39287c56a82880cb8ecbdb8f543ca3ba?pvs=21),FR-247,Approved,,,FR
"The system shall display a permissions matrix enabling granular configuration of allowed actions (Create, Read, Edit, Delete, Approve, Audit, Execute) for each module.",248,Functional Suitability,"September 24, 2026 8:08 AM",juan david julio serrano,NIST SP 800-192 (RBAC Framework),High,Role and Permission Matrix Management (Industrial RBAC) (https://app.notion.com/p/Role-and-Permission-Matrix-Management-Industrial-RBAC-39287c56a82880cb8ecbdb8f543ca3ba?pvs=21),FR-248,Approved,,,FR
The system shall implement Segregation of Duties (SoD) validations to prevent the assignment of conflicting permissions that compromise the integrity of financial or operational processes.,249,Functional Suitability,"September 24, 2026 8:08 AM",juan david julio serrano,"ISO/IEC 27001:2022, Annex A.5.3 (Segregation of Duties)",High,Role and Permission Matrix Management (Industrial RBAC) (https://app.notion.com/p/Role-and-Permission-Matrix-Management-Industrial-RBAC-39287c56a82880cb8ecbdb8f543ca3ba?pvs=21),FR-249,Approved,,,FR
"The system shall protect the integrity of the Root Administrator role, preventing its deletion or the restrictive editing of its fundamental privileges.",250,Functional Suitability,"September 24, 2026 8:08 AM",juan david julio serrano,"ISO/IEC 27001:2022, Annex A.8.2 (Privileged Access Rights)",High,Role and Permission Matrix Management (Industrial RBAC) (https://app.notion.com/p/Role-and-Permission-Matrix-Management-Industrial-RBAC-39287c56a82880cb8ecbdb8f543ca3ba?pvs=21),FR-250,Approved,,,FR
"The system shall allow the assignment of multiple roles to a single user, consolidating permissions under the principle of least privilege union.",251,Functional Suitability,"September 24, 2026 8:08 AM",juan david julio serrano,NIST SP 800-192 (RBAC Framework),Medium,Role and Permission Matrix Management (Industrial RBAC) (https://app.notion.com/p/Role-and-Permission-Matrix-Management-Industrial-RBAC-39287c56a82880cb8ecbdb8f543ca3ba?pvs=21),FR-251,Approved,,,FR
"The system shall generate a global permissions matrix for auditing purposes, exportable in standard formats for regulatory compliance reviews.",252,Functional Suitability,"September 24, 2026 8:08 AM",juan david julio serrano,"ISO/IEC 27001:2022, Annex A.8.18 (Auditing)",Low,Role and Permission Matrix Management (Industrial RBAC) (https://app.notion.com/p/Role-and-Permission-Matrix-Management-Industrial-RBAC-39287c56a82880cb8ecbdb8f543ca3ba?pvs=21),FR-252,Approved,,,FR
The system shall issue informative warnings when role configurations are detected that do not align with the principle of least privilege.,253,Functional Suitability,"September 24, 2026 8:08 AM",juan david julio serrano,Principle of Least Privilege (PoLP) Guidelines,Low,Role and Permission Matrix Management (Industrial RBAC) (https://app.notion.com/p/Role-and-Permission-Matrix-Management-Industrial-RBAC-39287c56a82880cb8ecbdb8f543ca3ba?pvs=21),FR-253,Approved,,,FR
The system shall allow the logical deactivation of custom roles; associated users shall lose access immediately while historical tracking is preserved.,254,Functional Suitability,"September 24, 2026 8:08 AM",juan david julio serrano,"ISO/IEC 27001:2022, Annex A.5.18 (Access Rights)",High,Role and Permission Matrix Management (Industrial RBAC) (https://app.notion.com/p/Role-and-Permission-Matrix-Management-Industrial-RBAC-39287c56a82880cb8ecbdb8f543ca3ba?pvs=21),FR-254,Approved,,,FR
Validation Performance: The verification of structural conflicts within the permissions matrix must complete in < 500ms to avoid affecting the administrative experience.,255,Performance Efficiency,"September 24, 2026 8:08 AM",juan david julio serrano,ISO/IEC 25010:2023 — Performance Efficiency (Time behavior),Medium,Role and Permission Matrix Management (Industrial RBAC) (https://app.notion.com/p/Role-and-Permission-Matrix-Management-Industrial-RBAC-39287c56a82880cb8ecbdb8f543ca3ba?pvs=21),NFR-255,Approved,,,NFR
Authorization Latency: The querying of permissions during user operations must be imperceptible (< 10ms).,256,Performance Efficiency,"September 24, 2026 8:08 AM",juan david julio serrano,ISO/IEC 25010:2023 — Performance Efficiency (Time behavior),High,Role and Permission Matrix Management (Industrial RBAC) (https://app.notion.com/p/Role-and-Permission-Matrix-Management-Industrial-RBAC-39287c56a82880cb8ecbdb8f543ca3ba?pvs=21),NFR-256,Approved,,,NFR
Change Application: Updates to the permissions matrix must propagate to active sessions within a maximum time of 2 seconds.,257,Performance Efficiency,"September 24, 2026 8:08 AM",juan david julio serrano,ISO/IEC 25010:2023 — Performance Efficiency (Time behavior),Medium,Role and Permission Matrix Management (Industrial RBAC) (https://app.notion.com/p/Role-and-Permission-Matrix-Management-Industrial-RBAC-39287c56a82880cb8ecbdb8f543ca3ba?pvs=21),NFR-257,Approved,,,NFR
"The system shall provide an interface for user creation, automatically sending a secure activation link to the registered institutional email.",258,Functional Suitability,"September 24, 2026 8:08 AM",juan david julio serrano,"ISO/IEC 27001:2022, Annex A.5.16 (Identity Management)",High,User Management and Secure Life Cycle (https://app.notion.com/p/User-Management-and-Secure-Life-Cycle-39287c56a828805593eaccd88c063e0f?pvs=21),FR-258,Approved,,,FR
The system shall require each user to establish a robust personal password complying with defined technical complexity policies prior to their first access.,259,Functional Suitability,"September 24, 2026 8:08 AM",juan david julio serrano,NIST SP 800-63B (Authentication Guidelines),High,User Management and Secure Life Cycle (https://app.notion.com/p/User-Management-and-Secure-Life-Cycle-39287c56a828805593eaccd88c063e0f?pvs=21),FR-259,Approved,,,FR
"The system shall implement protection mechanisms against brute-force attacks, temporarily locking accounts following multiple failed authentication attempts.",260,Functional Suitability,"September 24, 2026 8:08 AM",juan david julio serrano,NIST SP 800-63B (Authentication Guidelines),High,User Management and Secure Life Cycle (https://app.notion.com/p/User-Management-and-Secure-Life-Cycle-39287c56a828805593eaccd88c063e0f?pvs=21),FR-260,Approved,,,FR
"The system shall allow password resets using single-use tokens with limited temporal validity, guaranteeing a secure recovery process.",261,Functional Suitability,"September 24, 2026 8:08 AM",juan david julio serrano,OWASP Secure Coding Practices (Password Management),High,User Management and Secure Life Cycle (https://app.notion.com/p/User-Management-and-Secure-Life-Cycle-39287c56a828805593eaccd88c063e0f?pvs=21),FR-261,Approved,,,FR
"The system shall allow the temporary suspension of users, immediately revoking all active accesses while maintaining the integrity of historical information.",262,Functional Suitability,"September 24, 2026 8:08 AM",juan david julio serrano,"ISO/IEC 27001:2022, Annex A.5.18 (Access Rights)",High,User Management and Secure Life Cycle (https://app.notion.com/p/User-Management-and-Secure-Life-Cycle-39287c56a828805593eaccd88c063e0f?pvs=21),FR-262,Approved,,,FR
"The system shall allow the restoration of suspended accounts, re-establishing original privileges and documenting the reason for reactivation.",263,Functional Suitability,"September 24, 2026 8:08 AM",juan david julio serrano,"ISO/IEC 27001:2022, Annex A.5.18 (Access Rights)",Medium,User Management and Secure Life Cycle (https://app.notion.com/p/User-Management-and-Secure-Life-Cycle-39287c56a828805593eaccd88c063e0f?pvs=21),FR-263,Approved,,,FR
The system shall implement the logical deletion (soft delete) of users to ensure that the traceability of historical actions remains intact for technical audits.,264,Functional Suitability,"September 24, 2026 8:08 AM",juan david julio serrano,"ISO/IEC 27001:2022, Annex A.8.10 (Information Deletion)",High,User Management and Secure Life Cycle (https://app.notion.com/p/User-Management-and-Secure-Life-Cycle-39287c56a828805593eaccd88c063e0f?pvs=21),FR-264,Approved,,,FR
"The system shall provide an administrative control dashboard enabling the visualization of the status, roles, and recent activity of all platform users.",265,Functional Suitability,"September 24, 2026 8:08 AM",juan david julio serrano,"ISO/IEC 27001:2022, Annex A.8.15 (Logging)",Medium,User Management and Secure Life Cycle (https://app.notion.com/p/User-Management-and-Secure-Life-Cycle-39287c56a828805593eaccd88c063e0f?pvs=21),FR-265,Approved,,,FR
"The system shall allow users to manage their own security via periodic password changes, validating compliance with the policy against reusing previous credentials.",266,Functional Suitability,"September 24, 2026 8:10 AM",juan david julio serrano,NIST SP 800-63B (Authentication Guidelines),High,User Management and Secure Life Cycle (https://app.notion.com/p/User-Management-and-Secure-Life-Cycle-39287c56a828805593eaccd88c063e0f?pvs=21),FR-266,Approved,,,FR
"Secure Storage: Access credentials shall be managed using high-resistance cryptographic standards (e.g., hashing and salting) to prevent sensitive information leaks.",267,Security,"September 24, 2026 8:10 AM",juan david julio serrano,OWASP Secure Coding Practices,High,User Management and Secure Life Cycle (https://app.notion.com/p/User-Management-and-Secure-Life-Cycle-39287c56a828805593eaccd88c063e0f?pvs=21),NFR-267,Approved,,,NFR
"Access Logging: The system shall maintain a detailed log of all login attempts, enabling forensic analysis and anomaly detection.",268,Security,"September 24, 2026 8:10 AM",juan david julio serrano,"ISO/IEC 27001:2022, Annex A.8.15 (Logging)",High,User Management and Secure Life Cycle (https://app.notion.com/p/User-Management-and-Secure-Life-Cycle-39287c56a828805593eaccd88c063e0f?pvs=21),NFR-268,Approved,,,NFR
"Session Expiration: Security tokens shall operate under strict expiration policies, reducing the exposure window to potential unauthorized accesses.",269,Security,"September 24, 2026 8:10 AM",juan david julio serrano,OWASP Session Management Cheat Sheet,High,User Management and Secure Life Cycle (https://app.notion.com/p/User-Management-and-Secure-Life-Cycle-39287c56a828805593eaccd88c063e0f?pvs=21),NFR-269,Approved,,,NFR
"Email Management: The dispatch of security notifications shall be performed asynchronously, guaranteeing the timely delivery of critical access alerts.",270,Performance Efficiency,"September 24, 2026 8:10 AM",juan david julio serrano,Enterprise Integration Patterns (Asynchronous Messaging),Medium,User Management and Secure Life Cycle (https://app.notion.com/p/User-Management-and-Secure-Life-Cycle-39287c56a828805593eaccd88c063e0f?pvs=21),NFR-270,Approved,,,NFR
Sensitive Alerts: The system shall immediately notify the user of critical security events on their account to enable a rapid response.,271,Security,"September 24, 2026 8:10 AM",juan david julio serrano,"ISO/IEC 27001:2022, Annex A.5.24 (Information Security Incident Management)",High,User Management and Secure Life Cycle (https://app.notion.com/p/User-Management-and-Secure-Life-Cycle-39287c56a828805593eaccd88c063e0f?pvs=21),NFR-271,Approved,,,NFR
Policy Control: Password complexity parameters shall be configurable by the administrator according to institutional security needs.,272,Security,"September 24, 2026 8:10 AM",juan david julio serrano,NIST SP 800-63B (Authentication Guidelines),High,User Management and Secure Life Cycle (https://app.notion.com/p/User-Management-and-Secure-Life-Cycle-39287c56a828805593eaccd88c063e0f?pvs=21),NFR-272,Approved,,,NFR
Accessibility: Account recovery flows must be inclusive and compatible with visual or auditory assistive technologies.,273,Interaction Capability,"September 24, 2026 8:10 AM",juan david julio serrano,W3C Web Content Accessibility Guidelines (WCAG) 2.1 AA,Medium,User Management and Secure Life Cycle (https://app.notion.com/p/User-Management-and-Secure-Life-Cycle-39287c56a828805593eaccd88c063e0f?pvs=21),NFR-273,Approved,,,NFR
"The system shall provide an interface to configure ERP integration, allowing the structured definition of connection parameters and access credentials.",274,Functional Suitability,"September 24, 2026 8:10 AM",juan david julio serrano,Enterprise Integration Patterns,High,ERP Integration Configuration (Simulation) (https://app.notion.com/p/ERP-Integration-Configuration-Simulation-39287c56a82880728f94e209eff9a896?pvs=21),FR-274,Approved,,,FR
The system shall allow connectivity testing to validate integration configurations and the status of external services.,275,Functional Suitability,"September 24, 2026 8:10 AM",juan david julio serrano,Enterprise Integration Patterns,High,ERP Integration Configuration (Simulation) (https://app.notion.com/p/ERP-Integration-Configuration-Simulation-39287c56a82880728f94e209eff9a896?pvs=21),FR-275,Approved,,,FR
The system shall allow the definition of technical data mapping between ERP fields and the internal catalog of spare parts and Equipment Units.,276,Functional Suitability,"September 24, 2026 8:10 AM",juan david julio serrano,"ISO 14224:2016, Section 6 — Taxonomy (Data Mapping)",High,ERP Integration Configuration (Simulation) (https://app.notion.com/p/ERP-Integration-Configuration-Simulation-39287c56a82880728f94e209eff9a896?pvs=21),FR-276,Approved,,,FR
"The system shall support the execution of synchronization tasks, allowing manual, scheduled, or simulation operating modes.",277,Functional Suitability,"September 24, 2026 8:10 AM",juan david julio serrano,Data Synchronization Architectural Patterns,High,ERP Integration Configuration (Simulation) (https://app.notion.com/p/ERP-Integration-Configuration-Simulation-39287c56a82880728f94e209eff9a896?pvs=21),FR-277,Approved,,,FR
"The system shall generate Technical Purchase Requisitions based on Equipment Unit conditions, delegating the creation and management of the legal contract (Purchase Order) with the provider to the ERP.",278,Functional Suitability,"September 24, 2026 8:10 AM",juan david julio serrano,Wireman Vol 2 - Procurement Workflows,High,ERP Integration Configuration (Simulation) (https://app.notion.com/p/ERP-Integration-Configuration-Simulation-39287c56a82880728f94e209eff9a896?pvs=21),FR-278,Approved,,,FR
The system shall maintain a detailed trail of synchronization executions to monitor data transfer integrity.,279,Functional Suitability,"September 24, 2026 8:10 AM",juan david julio serrano,ACID Database Transaction Properties (Logging),High,ERP Integration Configuration (Simulation) (https://app.notion.com/p/ERP-Integration-Configuration-Simulation-39287c56a82880728f94e209eff9a896?pvs=21),FR-279,Approved,,,FR
The system shall allow the deactivation of the integration while preserving technical configurations and the accumulated historical trail.,280,Functional Suitability,"September 24, 2026 8:10 AM",juan david julio serrano,Data Preservation Principles,High,ERP Integration Configuration (Simulation) (https://app.notion.com/p/ERP-Integration-Configuration-Simulation-39287c56a82880728f94e209eff9a896?pvs=21),FR-280,Approved,,,FR
Credential Encryption: Technical secrets and integration keys shall be managed using encrypted storage protocols.,281,Security,"September 24, 2026 8:10 AM",juan david julio serrano,OWASP Secure Coding Practices (Credential Management),High,ERP Integration Configuration (Simulation) (https://app.notion.com/p/ERP-Integration-Configuration-Simulation-39287c56a82880728f94e209eff9a896?pvs=21),NFR-281,Approved,,,NFR
Processing Capacity: The synchronization process must be capable of handling industrial data volumes within efficient execution times.,282,Performance Efficiency,"September 24, 2026 8:10 AM",juan david julio serrano,ISO/IEC 25010:2023 — Performance Efficiency (Capacity),High,ERP Integration Configuration (Simulation) (https://app.notion.com/p/ERP-Integration-Configuration-Simulation-39287c56a82880728f94e209eff9a896?pvs=21),NFR-282,Approved,,,NFR
"Transit Security: Communications with external systems shall operate over encrypted channels (e.g., TLS) and feature automatic retry policies for network failures.",283,Security,"September 24, 2026 8:10 AM",juan david julio serrano,NIST SP 800-52 (Guidelines for the Selection and Use of TLS),High,ERP Integration Configuration (Simulation) (https://app.notion.com/p/ERP-Integration-Configuration-Simulation-39287c56a82880728f94e209eff9a896?pvs=21),NFR-283,Approved,,,NFR
"The system shall provide an interface for issuing informative announcements, allowing the definition of scope (global or role-based) and the communication's validity period.",284,Functional Suitability,"September 24, 2026 8:10 AM",juan david julio serrano,Nielsen Norman Group (NN/g) - User Notifications,High,System Announcements Publishing (https://app.notion.com/p/System-Announcements-Publishing-39287c56a828804ab71ccfaa2c4e8f54?pvs=21),FR-284,Approved,,,FR
"The system shall display prominent visual notifications to target users, ensuring critical maintenance or safety messages are communicated effectively.",285,Functional Suitability,"September 24, 2026 8:10 AM",juan david julio serrano,The High Performance HMI Handbook (Alarm & Notification Visibility),High,System Announcements Publishing (https://app.notion.com/p/System-Announcements-Publishing-39287c56a828804ab71ccfaa2c4e8f54?pvs=21),FR-285,Approved,,,FR
The system shall include a centralized notification center where users can consult the history of current and past announcements.,286,Functional Suitability,"September 24, 2026 8:10 AM",juan david julio serrano,Nielsen Norman Group (NN/g) - Notification Centers,Medium,System Announcements Publishing (https://app.notion.com/p/System-Announcements-Publishing-39287c56a828804ab71ccfaa2c4e8f54?pvs=21),FR-286,Approved,,,FR
"The system shall allow the management of the announcement lifecycle, including the technical editing and deactivation of obsolete messages.",287,Functional Suitability,"September 24, 2026 8:10 AM",juan david julio serrano,Content Lifecycle Management Best Practices,High,System Announcements Publishing (https://app.notion.com/p/System-Announcements-Publishing-39287c56a828804ab71ccfaa2c4e8f54?pvs=21),FR-287,Approved,,,FR
The system shall automate the removal of notices based on the temporal validity criteria defined by administration.,288,Functional Suitability,"September 24, 2026 8:10 AM",juan david julio serrano,Content Lifecycle Management Best Practices,High,System Announcements Publishing (https://app.notion.com/p/System-Announcements-Publishing-39287c56a828804ab71ccfaa2c4e8f54?pvs=21),FR-288,Approved,,,FR
Delivery Performance: The processing and display of announcements must be performed efficiently to prevent degradation of initial platform access times.,289,Performance Efficiency,"September 24, 2026 8:10 AM",juan david julio serrano,ISO/IEC 25010:2023 — Performance Efficiency (Time behavior),Medium,System Announcements Publishing (https://app.notion.com/p/System-Announcements-Publishing-39287c56a828804ab71ccfaa2c4e8f54?pvs=21),NFR-289,Approved,,,NFR
"The system shall integrate an executive dashboard visualizing critical maintenance indicators (MTBF, MTTR, Availability) via interactive charts and comparative metrics.",290,Functional Suitability,"September 24, 2026 8:10 AM",juan david julio serrano,"ISO 14224:2016, Annex E — Key Performance Indicators (KPIs)",High,Executive KPIs Dashboard (https://app.notion.com/p/Executive-KPIs-Dashboard-39287c56a828803bb408cea4bc1c120a?pvs=21),FR-290,Approved,,,FR
"The system shall allow the analysis of historical trends, visualizing the evolution of operational reliability over defined temporal cycles.",291,Functional Suitability,"September 24, 2026 8:10 AM",juan david julio serrano,"ISO 14224:2016, Annex E — Key Performance Indicators (KPIs)",High,Executive KPIs Dashboard (https://app.notion.com/p/Executive-KPIs-Dashboard-39287c56a828803bb408cea4bc1c120a?pvs=21),FR-291,Approved,,,FR
"The system shall implement Pareto analysis to automatically identify Equipment Units with the highest stoppage frequency, facilitating the detection of critical components.",292,Functional Suitability,"September 24, 2026 8:10 AM",juan david julio serrano,Reliability-Centered Maintenance (RCM) Principles - Pareto Analysis,High,Executive KPIs Dashboard (https://app.notion.com/p/Executive-KPIs-Dashboard-39287c56a828803bb408cea4bc1c120a?pvs=21),FR-292,Approved,,,FR
"The system shall provide advanced filtering tools by geographical area, Equipment Unit criticality, and time ranges to facilitate focused diagnostics.",293,Functional Suitability,"September 24, 2026 8:10 AM",juan david julio serrano,Nielsen Norman Group (NN/g) - Information Filtering,High,Executive KPIs Dashboard (https://app.notion.com/p/Executive-KPIs-Dashboard-39287c56a828803bb408cea4bc1c120a?pvs=21),FR-293,Approved,,,FR
The system shall perform optimized processing of large historical data volumes to guarantee consolidated indicators with high availability without penalizing system operability.,294,Functional Suitability,"September 24, 2026 8:10 AM",juan david julio serrano,Big Data Architecture Best Practices (OLAP),High,Executive KPIs Dashboard (https://app.notion.com/p/Executive-KPIs-Dashboard-39287c56a828803bb408cea4bc1c120a?pvs=21),FR-294,Approved,,,FR
The system shall allow detailed drill-down exploration from summary charts to the individual technical records of affected Equipment Units.,295,Functional Suitability,"September 24, 2026 8:10 AM",juan david julio serrano,Nielsen Norman Group (NN/g) - Progressive Disclosure (Drill-Down),High,Executive KPIs Dashboard (https://app.notion.com/p/Executive-KPIs-Dashboard-39287c56a828803bb408cea4bc1c120a?pvs=21),FR-295,Approved,,,FR
"The system shall visually classify failure causes, allowing the identification of recurrent unavailability patterns by technical categories.",296,Functional Suitability,"September 24, 2026 8:10 AM",juan david julio serrano,"ISO 14224:2016, Section 8 — Failure data",High,Executive KPIs Dashboard (https://app.notion.com/p/Executive-KPIs-Dashboard-39287c56a828803bb408cea4bc1c120a?pvs=21),FR-296,Approved,,,FR
The system shall allow the extraction of consolidated data in structured formats for integration into external technical reports.,297,Functional Suitability,"September 24, 2026 8:10 AM",juan david julio serrano,Data Export Standard Patterns (CSV/JSON),Medium,Executive KPIs Dashboard (https://app.notion.com/p/Executive-KPIs-Dashboard-39287c56a828803bb408cea4bc1c120a?pvs=21),FR-297,Approved,,,FR
The system shall provide temporal comparison functionalities to evaluate the effectiveness of improvements implemented in maintenance plans.,298,Functional Suitability,"September 24, 2026 8:10 AM",juan david julio serrano,Reliability-Centered Maintenance (RCM) Principles - Continuous Improvement,Medium,Executive KPIs Dashboard (https://app.notion.com/p/Executive-KPIs-Dashboard-39287c56a828803bb408cea4bc1c120a?pvs=21),FR-298,Approved,,,FR
Response Performance: The visualization of the executive dashboard must guarantee initial load times of less than 2.5 seconds for the complete board.,299,Performance Efficiency,"September 24, 2026 8:10 AM",juan david julio serrano,ISO/IEC 25010:2023 — Performance Efficiency (Time behavior),High,Executive KPIs Dashboard (https://app.notion.com/p/Executive-KPIs-Dashboard-39287c56a828803bb408cea4bc1c120a?pvs=21),NFR-299,Approved,,,NFR
Calculation Accuracy: Reliability formulas must strictly adhere to the industrial standards defined in ISO 14224.,300,Functional Suitability,"September 24, 2026 8:10 AM",juan david julio serrano,"ISO 14224:2016, Annex E — KPI Mathematical Formulas",High,Executive KPIs Dashboard (https://app.notion.com/p/Executive-KPIs-Dashboard-39287c56a828803bb408cea4bc1c120a?pvs=21),FR-300,Approved,,,FR
Multiplatform Visualization: Graphic components must be fully responsive and functional across various modern devices and browsers.,301,Flexibility,"September 24, 2026 8:12 AM",juan david julio serrano,ISO/IEC 25010:2023 — Flexibility (Adaptability),High,Executive KPIs Dashboard (https://app.notion.com/p/Executive-KPIs-Dashboard-39287c56a828803bb408cea4bc1c120a?pvs=21),NFR-301,Approved,,,NFR
Consistent Latency: The system shall guarantee a consistent recovery (< 500ms) of consolidated metrics for recurring queries.,302,Performance Efficiency,"September 24, 2026 8:12 AM",juan david julio serrano,ISO/IEC 25010:2023 — Performance Efficiency (Time behavior),High,Executive KPIs Dashboard (https://app.notion.com/p/Executive-KPIs-Dashboard-39287c56a828803bb408cea4bc1c120a?pvs=21),NFR-302,Approved,,,NFR
Accessibility: Graphic visualizations must comply with contrast standards and inclusive navigation to guarantee access for all users.,303,Interaction Capability,"September 24, 2026 8:12 AM",juan david julio serrano,W3C Web Content Accessibility Guidelines (WCAG) 2.1 AA,High,Executive KPIs Dashboard (https://app.notion.com/p/Executive-KPIs-Dashboard-39287c56a828803bb408cea4bc1c120a?pvs=21),NFR-303,Approved,,,NFR
"Void Handling: The system must coherently manage periods without captured data, preventing the generation of misleading indicators.",304,Functional Suitability,"September 24, 2026 8:12 AM",juan david julio serrano,"ISO 14224:2016, Annex E — Data Quality",High,Executive KPIs Dashboard (https://app.notion.com/p/Executive-KPIs-Dashboard-39287c56a828803bb408cea4bc1c120a?pvs=21),FR-304,Approved,,,FR
Report Protection: Data extracted from the system shall be managed under security and encryption protocols to protect the confidentiality of strategic information.,305,Security,"September 24, 2026 8:12 AM",juan david julio serrano,"ISO/IEC 27001:2022, Annex A.8.12 (Data Leakage Prevention)",High,Executive KPIs Dashboard (https://app.notion.com/p/Executive-KPIs-Dashboard-39287c56a828803bb408cea4bc1c120a?pvs=21),NFR-305,Approved,,,NFR
"The system shall allow the configuration and generation of technical reports in PDF/A format, allowing the selection of Equipment Units, areas, and periods of interest.",306,Functional Suitability,"September 24, 2026 8:12 AM",juan david julio serrano,ISO 32000-1 (PDF/A Document Standards),High,PDF Report Export (https://app.notion.com/p/PDF-Report-Export-39287c56a828804f9042ef70aee4d487?pvs=21),FR-306,Approved,,,FR
The system shall validate the sufficiency of operational data prior to initiation to ensure the presented indicators are statistically representative.,307,Functional Suitability,"September 24, 2026 8:12 AM",juan david julio serrano,"ISO 14224:2016, Section 5 — Data Collection Requirements",High,PDF Report Export (https://app.notion.com/p/PDF-Report-Export-39287c56a828804f9042ef70aee4d487?pvs=21),FR-307,Approved,,,FR
"The system shall process complex report generation via an asynchronous background task queue, returning a task identifier and notifying the user when the document is ready for download.",308,Functional Suitability,"September 24, 2026 8:12 AM",juan david julio serrano,Asynchronous Worker / Message Queue Architectural Patterns,High,PDF Report Export (https://app.notion.com/p/PDF-Report-Export-39287c56a828804f9042ef70aee4d487?pvs=21),FR-308,Approved,,,FR
"Generated reports shall include an executive summary, graphic KPI visualizations, and technical detail tables following a professional and standardized format.",309,Functional Suitability,"September 24, 2026 8:12 AM",juan david julio serrano,The High Performance HMI Handbook (Reporting),High,PDF Report Export (https://app.notion.com/p/PDF-Report-Export-39287c56a828804f9042ef70aee4d487?pvs=21),FR-309,Approved,,,FR
"The system shall offer automated email delivery as a secondary option, attaching the generated report to the requester's address.",310,Functional Suitability,"September 24, 2026 8:12 AM",juan david julio serrano,Enterprise Integration Patterns,Medium,PDF Report Export (https://app.notion.com/p/PDF-Report-Export-39287c56a828804f9042ef70aee4d487?pvs=21),FR-310,Approved,,,FR
Efficiency and Concurrency: The processing of heavy reports (estimated up to 2 minutes) shall execute in an isolated process (Background Worker) to guarantee the server's availability is not blocked.,311,Performance Efficiency,"September 24, 2026 8:12 AM",juan david julio serrano,ISO/IEC 25010:2023 — Performance Efficiency (Resource utilization),High,PDF Report Export (https://app.notion.com/p/PDF-Report-Export-39287c56a828804f9042ef70aee4d487?pvs=21),NFR-311,Approved,,,NFR
File Optimization: The system must maintain a document size aligned with the normal distribution of reports without compromising legibility.,312,Performance Efficiency,"September 24, 2026 8:12 AM",juan david julio serrano,ISO/IEC 25010:2023 — Performance Efficiency (Resource utilization),Medium,PDF Report Export (https://app.notion.com/p/PDF-Report-Export-39287c56a828804f9042ef70aee4d487?pvs=21),NFR-312,Approved,,,NFR
Visual Fidelity: Graphic representations in the PDF document must retain the technical resolution necessary for analysis and professional printing.,313,Functional Suitability,"September 24, 2026 8:12 AM",juan david julio serrano,PDF/A Image Resolution Standards,High,PDF Report Export (https://app.notion.com/p/PDF-Report-Export-39287c56a828804f9042ef70aee4d487?pvs=21),FR-313,Approved,,,FR
Temporal Persistence Management: Generated documents shall be stored under retention and protection policies aligned with institutional security.,314,Security,"September 24, 2026 8:12 AM",juan david julio serrano,"ISO/IEC 27001:2022, Annex A.8.10 (Information Deletion/Retention)",Medium,PDF Report Export (https://app.notion.com/p/PDF-Report-Export-39287c56a828804f9042ef70aee4d487?pvs=21),NFR-314,Approved,,,NFR
Document Security: The system shall allow optional protection of reports via encrypted passwords to ensure the confidentiality of strategic information.,315,Security,"September 24, 2026 8:12 AM",juan david julio serrano,PDF/A Encryption Standards,Medium,PDF Report Export (https://app.notion.com/p/PDF-Report-Export-39287c56a828804f9042ef70aee4d487?pvs=21),NFR-315,Approved,,,NFR
"The system shall expose a programmatic interface (API) for the extraction of KPI datasets, allowing the consumption of information by external Business Intelligence tools.",316,Functional Suitability,"September 24, 2026 8:12 AM",juan david julio serrano,RESTful API Design Patterns,High,Data Synchronization with BI Tools (https://app.notion.com/p/Data-Synchronization-with-BI-Tools-39287c56a82880e8ae56f4aa70cc4064?pvs=21),FR-316,Approved,,,FR
Data API access shall require secure authentication mechanisms via revocable access keys with defined validity periods.,317,Functional Suitability,"September 24, 2026 8:12 AM",juan david julio serrano,OAuth 2.0 / API Security Best Practices,High,Data Synchronization with BI Tools (https://app.notion.com/p/Data-Synchronization-with-BI-Tools-39287c56a82880e8ae56f4aa70cc4064?pvs=21),FR-317,Approved,,,FR
The system shall implement rate limiting on data interfaces to guarantee service availability and prevent consumption abuse.,318,Functional Suitability,"September 24, 2026 8:12 AM",juan david julio serrano,API Gateway / Rate Limiting Patterns,High,Data Synchronization with BI Tools (https://app.notion.com/p/Data-Synchronization-with-BI-Tools-39287c56a82880e8ae56f4aa70cc4064?pvs=21),FR-318,Approved,,,FR
"The API shall provide structured metadata regarding the data schema, facilitating automatic mapping in external visualization tools.",319,Functional Suitability,"September 24, 2026 8:12 AM",juan david julio serrano,OpenAPI Specification (OAS),High,Data Synchronization with BI Tools (https://app.notion.com/p/Data-Synchronization-with-BI-Tools-39287c56a82880e8ae56f4aa70cc4064?pvs=21),FR-319,Approved,,,FR
"The system shall offer automated technical API documentation, accessible only to authorized operational or managerial users.",320,Functional Suitability,"September 24, 2026 8:12 AM",juan david julio serrano,OpenAPI Specification (OAS) / Swagger,High,Data Synchronization with BI Tools (https://app.notion.com/p/Data-Synchronization-with-BI-Tools-39287c56a82880e8ae56f4aa70cc4064?pvs=21),FR-320,Approved,,,FR
The system shall implement an API versioning strategy to ensure backward compatibility during technical core updates.,321,Functional Suitability,"September 24, 2026 8:12 AM",juan david julio serrano,API Versioning Best Practices,High,Data Synchronization with BI Tools (https://app.notion.com/p/Data-Synchronization-with-BI-Tools-39287c56a82880e8ae56f4aa70cc4064?pvs=21),FR-321,Approved,,,FR
"Interface Performance: Export API queries must resolve in < 2 seconds, even for requests involving extensive historical data ranges.",322,Performance Efficiency,"September 24, 2026 8:12 AM",juan david julio serrano,ISO/IEC 25010:2023 — Performance Efficiency (Time behavior),High,Data Synchronization with BI Tools (https://app.notion.com/p/Data-Synchronization-with-BI-Tools-39287c56a82880e8ae56f4aa70cc4064?pvs=21),NFR-322,Approved,,,NFR
"Security Standards: Data interfaces must comply with protection protocols against common attacks (e.g., OWASP Top 10) and restricted origin access configurations.",323,Security,"September 24, 2026 8:12 AM",juan david julio serrano,OWASP API Security Top 10,High,Data Synchronization with BI Tools (https://app.notion.com/p/Data-Synchronization-with-BI-Tools-39287c56a82880e8ae56f4aa70cc4064?pvs=21),NFR-323,Approved,,,NFR
Transit Security: All technical information transfers via the API shall operate under robust network encryption protocols.,324,Security,"September 24, 2026 8:12 AM",juan david julio serrano,NIST SP 800-52 (Guidelines for the Selection and Use of TLS),High,Data Synchronization with BI Tools (https://app.notion.com/p/Data-Synchronization-with-BI-Tools-39287c56a82880e8ae56f4aa70cc4064?pvs=21),NFR-324,Approved,,,NFR
Service Continuity: The API infrastructure must guarantee industrial availability levels to support real-time decision-making processes.,325,Reliability,"September 24, 2026 8:12 AM",juan david julio serrano,ISO/IEC 25010:2023 — Reliability (Availability),High,Data Synchronization with BI Tools (https://app.notion.com/p/Data-Synchronization-with-BI-Tools-39287c56a82880e8ae56f4aa70cc4064?pvs=21),NFR-325,Approved,,,NFR
Overload Management: The system shall implement traffic regulation strategies to mitigate the effects of demand spikes or denial-of-service attempts.,326,Security,"September 24, 2026 8:12 AM",juan david julio serrano,ISO/IEC 25010:2023 — Security (Accountability/Resistance),High,Data Synchronization with BI Tools (https://app.notion.com/p/Data-Synchronization-with-BI-Tools-39287c56a82880e8ae56f4aa70cc4064?pvs=21),NFR-326,Approved,,,NFR
The system shall execute periodic analysis of the failure history and maintenance activity to generate frequency optimization suggestions.,327,Functional Suitability,"September 24, 2026 8:12 AM",juan david julio serrano,Reliability-Centered Maintenance (RCM) Principles,High,Optimization Suggestions (PMO) (https://app.notion.com/p/Optimization-Suggestions-PMO-39287c56a82880249b32f2be7a7412c7?pvs=21),FR-327,Approved,,,FR
"The system shall provide a suggestions visualization dashboard, allowing recommendations to be filtered by Equipment Unit criticality and operational area.",328,Functional Suitability,"September 24, 2026 8:12 AM",juan david julio serrano,Nielsen Norman Group (NN/g) - Information Filtering,High,Optimization Suggestions (PMO) (https://app.notion.com/p/Optimization-Suggestions-PMO-39287c56a82880249b32f2be7a7412c7?pvs=21),FR-328,Approved,,,FR
"The system shall categorize recommendations based on detected reliability, allowing proactive adjustment actions on the master plan.",329,Functional Suitability,"September 24, 2026 8:12 AM",juan david julio serrano,Reliability-Centered Maintenance (RCM) Principles,High,Optimization Suggestions (PMO) (https://app.notion.com/p/Optimization-Suggestions-PMO-39287c56a82880249b32f2be7a7412c7?pvs=21),FR-329,Approved,,,FR
The application of any suggested frequency change shall require a formal adjustment request with mandatory technical approval.,330,Functional Suitability,"September 24, 2026 8:12 AM",juan david julio serrano,"ISO 55001:2014, Clause 8.1 — Operational control",High,Optimization Suggestions (PMO) (https://app.notion.com/p/Optimization-Suggestions-PMO-39287c56a82880249b32f2be7a7412c7?pvs=21),FR-330,Approved,,,FR
"The system shall allow the justified dismissal of suggestions, consolidating reasons to improve future recommendation criteria.",331,Functional Suitability,"September 24, 2026 8:12 AM",juan david julio serrano,Continuous Improvement / AI Feedback Loops,Medium,Optimization Suggestions (PMO) (https://app.notion.com/p/Optimization-Suggestions-PMO-39287c56a82880249b32f2be7a7412c7?pvs=21),FR-331,Approved,,,FR
The system shall calculate an estimation of the economic or operational impact derived from the implementation of PMO suggestions.,332,Functional Suitability,"September 24, 2026 8:12 AM",juan david julio serrano,"ISO 55001:2014, Clause 6.2 — Asset management objectives",Medium,Optimization Suggestions (PMO) (https://app.notion.com/p/Optimization-Suggestions-PMO-39287c56a82880249b32f2be7a7412c7?pvs=21),FR-332,Approved,,,FR
Analysis Efficiency: Asset optimization calculation processes must complete within time windows that do not interfere with operational availability.,333,Performance Efficiency,"September 24, 2026 8:12 AM",juan david julio serrano,ISO/IEC 25010:2023 — Performance Efficiency (Capacity),High,Optimization Suggestions (PMO) (https://app.notion.com/p/Optimization-Suggestions-PMO-39287c56a82880249b32f2be7a7412c7?pvs=21),NFR-333,Approved,,,NFR
Algorithmic Transparency: Each suggestion must be accompanied by the technical backing indicators that justify the change recommendation.,334,Functional Suitability,"September 24, 2026 8:12 AM",juan david julio serrano,ISO/IEC 25010:2023 — Functional Suitability (Appropriateness),High,Optimization Suggestions (PMO) (https://app.notion.com/p/Optimization-Suggestions-PMO-39287c56a82880249b32f2be7a7412c7?pvs=21),FR-334,Approved,,,FR
Sample Validation: The system shall only issue recommendations when the historical record reaches the defined minimum threshold of temporal representativeness.,335,Functional Suitability,"September 24, 2026 8:12 AM",juan david julio serrano,ISO/IEC 25010:2023 — Functional Suitability (Accuracy),High,Optimization Suggestions (PMO) (https://app.notion.com/p/Optimization-Suggestions-PMO-39287c56a82880249b32f2be7a7412c7?pvs=21),FR-335,Approved,,,FR
UI Interactivity: Access and navigation through optimization suggestions must be agile to facilitate periodic managerial review.,336,Interaction Capability,"September 24, 2026 8:16 AM",juan david julio serrano,Nielsen Norman Group (NN/g) - Navigation & Interactivity,High,Optimization Suggestions (PMO) (https://app.notion.com/p/Optimization-Suggestions-PMO-39287c56a82880249b32f2be7a7412c7?pvs=21),NFR-336,Approved,,,NFR
Access Control: Optimization approval functionalities shall be restricted to profiles with validated technical authority.,337,Security,"September 24, 2026 8:16 AM",juan david julio serrano,NIST SP 800-192 (RBAC Framework),High,Optimization Suggestions (PMO) (https://app.notion.com/p/Optimization-Suggestions-PMO-39287c56a82880249b32f2be7a7412c7?pvs=21),NFR-337,Approved,,,NFR
"The system shall provide a global configuration interface structured into functional sections such as corporate identity, regional preferences, and retention policies.",338,Functional Suitability,"September 24, 2026 8:16 AM",juan david julio serrano,Nielsen Norman Group (NN/g) - Information Architecture,High,General System Configuration (https://app.notion.com/p/General-System-Configuration-39287c56a82880699e90ed2551370355?pvs=21),FR-338,Approved,,,FR
"The system shall allow the customization of the platform's visual identity elements, including the upload of institutional logotypes.",339,Functional Suitability,"September 24, 2026 8:16 AM",juan david julio serrano,White-labeling UX Design Patterns,Low,General System Configuration (https://app.notion.com/p/General-System-Configuration-39287c56a82880699e90ed2551370355?pvs=21),FR-339,Approved,,,FR
The system shall allow the configuration of regional parameters to ensure the display of dates and times is coherent with the plant's geographical location.,340,Functional Suitability,"September 24, 2026 8:16 AM",juan david julio serrano,ISO 8601 (Date and Time Formats),High,General System Configuration (https://app.notion.com/p/General-System-Configuration-39287c56a82880699e90ed2551370355?pvs=21),FR-340,Approved,,,FR
"The system shall support the selection of standard units of measure, applying necessary conversions across all operational interfaces.",341,Functional Suitability,"September 24, 2026 8:16 AM",juan david julio serrano,ISO 80000 (Quantities and Units),High,General System Configuration (https://app.notion.com/p/General-System-Configuration-39287c56a82880699e90ed2551370355?pvs=21),FR-341,Approved,,,FR
"The system shall implement version control for the global configuration, allowing the reversion of changes in case inconsistencies are detected.",342,Functional Suitability,"September 24, 2026 8:16 AM",juan david julio serrano,Configuration Management Best Practices,Medium,General System Configuration (https://app.notion.com/p/General-System-Configuration-39287c56a82880699e90ed2551370355?pvs=21),FR-342,Approved,,,FR
Parameter Synchronization: Global configuration updates must propagate efficiently to all active user sessions.,343,Performance Efficiency,"September 24, 2026 8:16 AM",juan david julio serrano,State Management Architectural Patterns,Medium,General System Configuration (https://app.notion.com/p/General-System-Configuration-39287c56a82880699e90ed2551370355?pvs=21),NFR-343,Approved,,,NFR
File Integrity: The system shall technically validate uploaded multimedia resources to prevent the introduction of malicious or incompatible files.,344,Security,"September 24, 2026 8:16 AM",juan david julio serrano,OWASP Unrestricted File Upload Prevention,High,General System Configuration (https://app.notion.com/p/General-System-Configuration-39287c56a82880699e90ed2551370355?pvs=21),NFR-344,Approved,,,NFR
"The system shall record all critical operations (Create, Update, Delete, Query) in a technical audit trail, including the timestamp, executor identity, and the before/after state of the data.",345,Functional Suitability,"September 24, 2026 8:16 AM",juan david julio serrano,"ISO/IEC 27001:2022, Annex A.8.15 (Logging)",High,Immutable Audit System (https://app.notion.com/p/Immutable-Audit-System-39287c56a82880f4a628e38a700f155f?pvs=21),FR-345,Approved,,,FR
The system shall integrate Security Monitoring mechanisms to prevent unauthorized alterations to the audit history.,346,Functional Suitability,"September 24, 2026 8:16 AM",juan david julio serrano,"ISO/IEC 27001:2022, Annex A.8.16 (Protection of Log Information)",High,Immutable Audit System (https://app.notion.com/p/Immutable-Audit-System-39287c56a82880f4a628e38a700f155f?pvs=21),FR-346,Approved,,,FR
"The audit trail shall operate under technical immutability policies, preventing any editing or deletion actions on the historical record, even for administrative profiles.",347,Functional Suitability,"September 24, 2026 8:16 AM",juan david julio serrano,WORM Storage / Append-Only Log Patterns,High,Immutable Audit System (https://app.notion.com/p/Immutable-Audit-System-39287c56a82880f4a628e38a700f155f?pvs=21),FR-347,Approved,,,FR
"The system shall provide an advanced query interface for auditing purposes, allowing detailed filtering by periods, users, operation types, and affected entities.",348,Functional Suitability,"September 24, 2026 8:16 AM",juan david julio serrano,Nielsen Norman Group (NN/g) - Advanced Filtering,High,Immutable Audit System (https://app.notion.com/p/Immutable-Audit-System-39287c56a82880f4a628e38a700f155f?pvs=21),FR-348,Approved,,,FR
"Audit queries shall present technical information in a structured format, allowing detailed visualization of changes and the export of records for external reviews.",349,Functional Suitability,"September 24, 2026 8:16 AM",juan david julio serrano,"ISO/IEC 27001:2022, Annex A.8.15 (Audit Data Extraction)",High,Immutable Audit System (https://app.notion.com/p/Immutable-Audit-System-39287c56a82880f4a628e38a700f155f?pvs=21),FR-349,Approved,,,FR
"The system shall automate the audit data lifecycle, managing the archiving of historical records without compromising the traceability chain's integrity.",350,Functional Suitability,"September 24, 2026 8:16 AM",juan david julio serrano,"ISO/IEC 27001:2022, Annex A.8.10 (Information Deletion)",Medium,Immutable Audit System (https://app.notion.com/p/Immutable-Audit-System-39287c56a82880f4a628e38a700f155f?pvs=21),FR-350,Approved,,,FR
"The system shall perform periodic and automatic integrity validations of the administrative trail, immediately notifying of any anomaly detected in the records.",351,Functional Suitability,"September 24, 2026 8:16 AM",juan david julio serrano,"ISO/IEC 27001:2022, Annex A.8.16 (Log Monitoring)",High,Immutable Audit System (https://app.notion.com/p/Immutable-Audit-System-39287c56a82880f4a628e38a700f155f?pvs=21),FR-351,Approved,,,FR
The system shall include an audit analysis dashboard that visualizes technical activity trends and facilitates the detection of unusual operational patterns.,352,Functional Suitability,"September 24, 2026 8:16 AM",juan david julio serrano,Security Information and Event Management (SIEM) Patterns,Low,Immutable Audit System (https://app.notion.com/p/Immutable-Audit-System-39287c56a82880f4a628e38a700f155f?pvs=21),FR-352,Approved,,,FR
"The system shall allow the export of the audit trail, prioritizing its administrative auditability for external compliance processes.",353,Functional Suitability,"September 24, 2026 8:16 AM",juan david julio serrano,Regulatory Compliance Export Standards (CSV/JSON),High,Immutable Audit System (https://app.notion.com/p/Immutable-Audit-System-39287c56a82880f4a628e38a700f155f?pvs=21),FR-353,Approved,,,FR
Logging Performance: The audit capture process must not penalize the response times of the system's operational transactions.,354,Performance Efficiency,"September 24, 2026 8:16 AM",juan david julio serrano,Asynchronous Logging Architectural Patterns,High,Immutable Audit System (https://app.notion.com/p/Immutable-Audit-System-39287c56a82880f4a628e38a700f155f?pvs=21),NFR-354,Approved,,,NFR
Query Performance: Technical review interfaces must guarantee efficient response times even when facing large volumes of accumulated historical data.,355,Performance Efficiency,"September 24, 2026 8:16 AM",juan david julio serrano,ISO/IEC 25010:2023 — Performance Efficiency (Time behavior),Medium,Immutable Audit System (https://app.notion.com/p/Immutable-Audit-System-39287c56a82880f4a628e38a700f155f?pvs=21),NFR-355,Approved,,,NFR
Persistence Structure: The storage of the technical trail shall guarantee data integrity and access speed.,356,Performance Efficiency,"September 24, 2026 8:16 AM",juan david julio serrano,Database Indexing / OLAP Patterns,High,Immutable Audit System (https://app.notion.com/p/Immutable-Audit-System-39287c56a82880f4a628e38a700f155f?pvs=21),NFR-356,Approved,,,NFR
History Encryption: Audit data shall be stored under robust encryption protocols to protect sensitive information contained in change logs.,357,Security,"September 24, 2026 8:16 AM",juan david julio serrano,OWASP Cryptographic Standards,High,Immutable Audit System (https://app.notion.com/p/Immutable-Audit-System-39287c56a82880f4a628e38a700f155f?pvs=21),NFR-357,Approved,,,NFR
Regulatory Retention: The system shall maintain the historical record during the legal and regulatory period required by critical asset management standards.,358,Functional Suitability,"September 24, 2026 8:16 AM",juan david julio serrano,"ISO 55001:2014, Clause 7.5 (Documented Information Retention)",High,Immutable Audit System (https://app.notion.com/p/Immutable-Audit-System-39287c56a82880f4a628e38a700f155f?pvs=21),FR-358,Approved,,,FR
Offline Availability: The audit functionality must allow the extraction of data for independent analysis in external technical environments.,359,Flexibility,"September 24, 2026 8:16 AM",juan david julio serrano,Data Portability Principles,Medium,Immutable Audit System (https://app.notion.com/p/Immutable-Audit-System-39287c56a82880f4a628e38a700f155f?pvs=21),NFR-359,Approved,,,NFR
Meta-Auditing: The system shall record accesses to the auditing tools themselves to ensure the use of traceability information is also auditable.,360,Security,"September 24, 2026 8:16 AM",juan david julio serrano,"ISO/IEC 27001:2022, Annex A.8.15 (Administrator/Operator Logs)",High,Immutable Audit System (https://app.notion.com/p/Immutable-Audit-System-39287c56a82880f4a628e38a700f155f?pvs=21),NFR-360,Approved,,,NFR
"The system MUST record for each critical operation: timestamp, operator identifier, operation type (create, modify, delete, query, adjust), affected entity type, entity identifier, and before/after states.",361,Functional Suitability,"September 24, 2026 8:16 AM",juan david julio serrano,"ISO/IEC 27001:2022, Annex A.8.15 (Logging)",High,,TR-001-FR-361,In Review,Immutable Audit (https://app.notion.com/p/Immutable-Audit-31887c56a82880d393b1ddb5c150be69?pvs=21),TR-001,FR
"The system MUST guarantee the immutability of audit records, preventing their modification or deletion by any role, including administrators.",362,Security,"September 24, 2026 8:16 AM",juan david julio serrano,NIST SP 800-92 (Guide to Computer Security Log Management),High,,TR-001-NFR-362,In Review,Immutable Audit (https://app.notion.com/p/Immutable-Audit-31887c56a82880d393b1ddb5c150be69?pvs=21),TR-001,NFR
"The system MUST maintain a cryptographic integrity chain (Chained Hash / Tamper-Evident Logging) between consecutive records to detect direct manipulation in the database, as defined in ADR-003.",363,Security,"September 24, 2026 8:16 AM",juan david julio serrano,IETF RFC 9162 (Certificate Transparency / Tamper-Evident Logs),High,,TR-001-NFR-363,In Review,Immutable Audit (https://app.notion.com/p/Immutable-Audit-31887c56a82880d393b1ddb5c150be69?pvs=21),TR-001,NFR
"The system MUST support audit queries filtered by date range, user, operation type, entity type, and specific identifier.",364,Functional Suitability,"September 24, 2026 8:16 AM",juan david julio serrano,NIST SP 800-92 (Log Analysis Requirements),High,,TR-001-FR-364,In Review,Immutable Audit (https://app.notion.com/p/Immutable-Audit-31887c56a82880d393b1ddb5c150be69?pvs=21),TR-001,FR
Audit records CANNOT be modified or deleted post-creation. The system rejects any attempt with a permission denied error.,365,Security,"September 24, 2026 8:16 AM",juan david julio serrano,NIST SP 800-92 (Append-Only Log Architecture),High,,TR-001-NFR-365,In Review,Immutable Audit (https://app.notion.com/p/Immutable-Audit-31887c56a82880d393b1ddb5c150be69?pvs=21),TR-001,NFR
The writing of audit records MUST NOT block primary system transactions. Objective: <50ms (95th percentile).,366,Performance Efficiency,"September 24, 2026 8:16 AM",juan david julio serrano,ISO/IEC 25010:2023 — Performance Efficiency (Time behavior),High,,TR-001-NFR-366,In Review,Immutable Audit (https://app.notion.com/p/Immutable-Audit-31887c56a82880d393b1ddb5c150be69?pvs=21),TR-001,NFR
"Audit records are retained for a minimum of 7 years (ISO 55000 requirement for critical industrial assets), defining the retention policy to support external archiving.",367,Functional Suitability,"September 24, 2026 8:16 AM",juan david julio serrano,"ISO 55001:2014, Clause 7.5 (Retention Requirements)",High,,TR-001-FR-367,In Review,Immutable Audit (https://app.notion.com/p/Immutable-Audit-31887c56a82880d393b1ddb5c150be69?pvs=21),TR-001,FR
The system must support the full export of the audit trail in a structured format for external audits.,368,Functional Suitability,"September 24, 2026 8:16 AM",juan david julio serrano,"ISO/IEC 27001:2022, Annex A.8.15 (Audit Data Extraction)",High,,TR-001-FR-368,In Review,Immutable Audit (https://app.notion.com/p/Immutable-Audit-31887c56a82880d393b1ddb5c150be69?pvs=21),TR-001,FR
The system MUST encrypt sensitive data at rest using an authenticated encryption algorithm that complies with international cryptographic standards.,369,Security,"September 24, 2026 8:16 AM",juan david julio serrano,NIST SP 800-111 (Guide to Storage Encryption),High,,TR-002-NFR-369,In Review,Data Encryption at Rest (https://app.notion.com/p/Data-Encryption-at-Rest-31887c56a8288049830afebbabd9f914?pvs=21),TR-002,NFR
The system MUST generate encryption keys using cryptographically secure generators and store them in a centralized secrets manager. Keys MUST NOT be hardcoded in the source code.,370,Security,"September 24, 2026 8:16 AM",juan david julio serrano,NIST SP 800-57 Part 1 Rev. 5 (Recommendation for Key Management),High,,TR-002-NFR-370,In Review,Data Encryption at Rest (https://app.notion.com/p/Data-Encryption-at-Rest-31887c56a8288049830afebbabd9f914?pvs=21),TR-002,NFR
The system MUST support secure rotation of encryption keys every 90 days via manual or semi-automated procedures.,371,Security,"September 24, 2026 8:17 AM",juan david julio serrano,NIST SP 800-57 Part 1 Rev. 5 (Recommendation for Key Management),High,,TR-002-NFR-371,In Review,Data Encryption at Rest (https://app.notion.com/p/Data-Encryption-at-Rest-31887c56a8288049830afebbabd9f914?pvs=21),TR-002,NFR
[REMOVED FOR MVP SCOPE: Volume-level encryption (TDE) will be used to preserve performance] The system MUST support field-level encryption for specifically sensitive data.,372,Security,"September 24, 2026 8:18 AM",juan david julio serrano,N/A - Deferred for MVP,Low,,TR-002-NFR-372,Draft,Data Encryption at Rest (https://app.notion.com/p/Data-Encryption-at-Rest-31887c56a8288049830afebbabd9f914?pvs=21),TR-002,NFR
Encryption/decryption processes MUST NOT add more than 10% overhead to read/write operations.,373,Performance Efficiency,"September 24, 2026 8:17 AM",juan david julio serrano,ISO/IEC 25010:2023 — Performance Efficiency (Resource utilization),High,,TR-002-NFR-373,In Review,Data Encryption at Rest (https://app.notion.com/p/Data-Encryption-at-Rest-31887c56a8288049830afebbabd9f914?pvs=21),TR-002,NFR
The encryption algorithm MUST comply with international certification standards for regulated environments.,374,Security,"September 24, 2026 8:17 AM",juan david julio serrano,FIPS 140-3 (Security Requirements for Cryptographic Modules),High,,TR-002-NFR-374,In Review,Data Encryption at Rest (https://app.notion.com/p/Data-Encryption-at-Rest-31887c56a8288049830afebbabd9f914?pvs=21),TR-002,NFR
All access to encryption keys MUST be recorded in the audit trail [TR-001].,375,Security,"September 24, 2026 8:17 AM",juan david julio serrano,NIST SP 800-57 Part 1 Rev. 5,High,,TR-002-NFR-375,In Review,Data Encryption at Rest (https://app.notion.com/p/Data-Encryption-at-Rest-31887c56a8288049830afebbabd9f914?pvs=21),TR-002,NFR
"The system MUST calculate a cryptographic hash of each file at the time of upload or creation, storing the result within the file's metadata.",376,Security,"September 24, 2026 8:17 AM",juan david julio serrano,"ISO/IEC 27001:2022, Annex A.8.24 (Use of cryptography for integrity)",High,,TR-003-NFR-376,In Review,Data Integrity (https://app.notion.com/p/Data-Integrity-31887c56a82880178b88e5c504ae440e?pvs=21),TR-003,NFR
The system MUST verify integrity upon file retrieval by comparing the recalculated hash against the stored hash. If they do not match: reject access and record a security alert [TR-001].,377,Security,"September 24, 2026 8:17 AM",juan david julio serrano,"ISO/IEC 27001:2022, Annex A.8.24",High,,TR-003-NFR-377,In Review,Data Integrity (https://app.notion.com/p/Data-Integrity-31887c56a82880178b88e5c504ae440e?pvs=21),TR-003,NFR
[REMOVED FOR MVP SCOPE: Integrity will be verified only on upload and download] The system MUST execute periodic integrity verifications on a random sample of stored files.,378,Security,"September 24, 2026 8:18 AM",juan david julio serrano,N/A - Deferred for MVP,Low,,TR-003-NFR-378,Draft,Data Integrity (https://app.notion.com/p/Data-Integrity-31887c56a82880178b88e5c504ae440e?pvs=21),TR-003,NFR
Integrity calculation MUST NOT block file uploads or downloads. It must execute asynchronously.,379,Performance Efficiency,"September 24, 2026 8:17 AM",juan david julio serrano,Asynchronous Worker Patterns,High,,TR-003-NFR-379,In Review,Data Integrity (https://app.notion.com/p/Data-Integrity-31887c56a82880178b88e5c504ae440e?pvs=21),TR-003,NFR
"If integrity verification fails, the system MUST generate an immediate critical alert to the security team detailing the affected file.",380,Security,"September 24, 2026 8:17 AM",juan david julio serrano,"ISO/IEC 27001:2022, Annex A.5.24 (Information Security Incident Management)",High,,TR-003-NFR-380,In Review,Data Integrity (https://app.notion.com/p/Data-Integrity-31887c56a82880178b88e5c504ae440e?pvs=21),TR-003,NFR
"The calculated hash CANNOT be modified post-creation. If a file is replaced, a new record must be created, maintaining the historical log of the previous version.",381,Security,"September 24, 2026 8:17 AM",juan david julio serrano,NIST SP 800-92 (Append-Only Log Architecture),High,,TR-003-NFR-381,In Review,Data Integrity (https://app.notion.com/p/Data-Integrity-31887c56a82880178b88e5c504ae440e?pvs=21),TR-003,NFR
"The system MUST implement request rate limiting configurable by operation type, user, role, and time window.",382,Security,"September 24, 2026 8:17 AM",juan david julio serrano,OWASP API Security Top 10 (Lack of Resources & Rate Limiting),High,,TR-004-NFR-382,In Review,Rate Limiting (https://app.notion.com/p/Rate-Limiting-31887c56a828801f9cedcaafa01f54e5?pvs=21),TR-004,NFR
"The system MUST reject requests that exceed the configured limit, communicating the wait time to the client before retrying (e.g., HTTP 429).",383,Functional Suitability,"September 24, 2026 8:17 AM",juan david julio serrano,IETF RFC 6585 (HTTP Status Code 429),High,,TR-004-FR-383,In Review,Rate Limiting (https://app.notion.com/p/Rate-Limiting-31887c56a828801f9cedcaafa01f54e5?pvs=21),TR-004,FR
The system MUST record rate limit violations in the audit trail [TR-001] to detect abuse patterns.,384,Security,"September 24, 2026 8:17 AM",juan david julio serrano,OWASP API Security Top 10,High,,TR-004-NFR-384,In Review,Rate Limiting (https://app.notion.com/p/Rate-Limiting-31887c56a828801f9cedcaafa01f54e5?pvs=21),TR-004,NFR
"The system MUST support controlled burst traffic without penalizing the user, provided the average does not exceed the configured limit.",385,Performance Efficiency,"September 24, 2026 8:17 AM",juan david julio serrano,Token Bucket / Leaky Bucket Algorithms,High,,TR-004-NFR-385,In Review,Rate Limiting (https://app.notion.com/p/Rate-Limiting-31887c56a828801f9cedcaafa01f54e5?pvs=21),TR-004,NFR
Rate limit verification MUST NOT add more than 10ms of latency to the request.,386,Performance Efficiency,"September 24, 2026 8:17 AM",juan david julio serrano,ISO/IEC 25010:2023 — Performance Efficiency (Time behavior),High,,TR-004-NFR-386,In Review,Rate Limiting (https://app.notion.com/p/Rate-Limiting-31887c56a828801f9cedcaafa01f54e5?pvs=21),TR-004,NFR
"Rate limits must be centrally configurable (e.g., environment variables or API Gateway configuration).",387,Maintainability,"September 24, 2026 8:17 AM",juan david julio serrano,Twelve-Factor App Methodology (Config),High,,TR-004-NFR-387,In Review,Rate Limiting (https://app.notion.com/p/Rate-Limiting-31887c56a828801f9cedcaafa01f54e5?pvs=21),TR-004,NFR
"The system MUST encrypt all network connections using current secure transport protocols, disabling obsolete or vulnerable versions.",388,Security,"September 24, 2026 8:17 AM",juan david julio serrano,NIST SP 800-52 (Guidelines for the Selection and Use of TLS),High,,TR-005-NFR-388,In Review,Encryption in Transit (https://app.notion.com/p/Encryption-in-Transit-31887c56a82880239902e322aea04f32?pvs=21),TR-005,NFR
The system MUST force the use of secure connections on all clients via transport security headers (HSTS).,389,Security,"September 24, 2026 8:17 AM",juan david julio serrano,IETF RFC 6797 (HTTP Strict Transport Security),High,,TR-005-NFR-389,In Review,Encryption in Transit (https://app.notion.com/p/Encryption-in-Transit-31887c56a82880239902e322aea04f32?pvs=21),TR-005,NFR
"The system MUST use certificates issued by a trusted Certificate Authority (CA), with automatic renewal prior to expiration.",390,Security,"September 24, 2026 8:17 AM",juan david julio serrano,ACME Protocol (IETF RFC 8555),High,,TR-005-NFR-390,In Review,Encryption in Transit (https://app.notion.com/p/Encryption-in-Transit-31887c56a82880239902e322aea04f32?pvs=21),TR-005,NFR
"The system MUST encrypt database connections, validating the server certificate in the production environment.",391,Security,"September 24, 2026 8:17 AM",juan david julio serrano,NIST SP 800-52 (TLS Guidelines),High,,TR-005-NFR-391,In Review,Encryption in Transit (https://app.notion.com/p/Encryption-in-Transit-31887c56a82880239902e322aea04f32?pvs=21),TR-005,NFR
"The monitoring system must alert 15 days prior to certificate expiration, issuing a critical alert if the timeframe falls below 7 days.",392,Security,"September 24, 2026 8:17 AM",juan david julio serrano,"ISO/IEC 27001:2022, Annex A.8.24",High,,TR-005-NFR-392,In Review,Encryption in Transit (https://app.notion.com/p/Encryption-in-Transit-31887c56a82880239902e322aea04f32?pvs=21),TR-005,NFR
Connections failed due to encryption issues must be recorded in security logs with client details and the reason for failure.,393,Security,"September 24, 2026 8:17 AM",juan david julio serrano,"ISO/IEC 27001:2022, Annex A.8.15 (Logging)",High,,TR-005-NFR-393,In Review,Encryption in Transit (https://app.notion.com/p/Encryption-in-Transit-31887c56a82880239902e322aea04f32?pvs=21),TR-005,NFR
"The system MUST authenticate users via verifiable temporary credentials with temporal expiration, containing at minimum: user identifier, assigned roles, and issuance timestamp.",394,Security,"September 24, 2026 8:17 AM",juan david julio serrano,IETF RFC 7519 (JSON Web Token),High,,TR-006-NFR-394,In Review,RBAC Authentication and Authorization (https://app.notion.com/p/RBAC-Authentication-and-Authorization-31887c56a8288099b6e5f85f39da64f8?pvs=21),TR-006,NFR
"The system MUST validate the token on every protected request: verifying signature, validity, and extracting roles. If validation fails, access must be denied.",395,Security,"September 24, 2026 8:17 AM",juan david julio serrano,OWASP API Security Top 10 (Broken Authentication),High,,TR-006-NFR-395,In Review,RBAC Authentication and Authorization (https://app.notion.com/p/RBAC-Authentication-and-Authorization-31887c56a8288099b6e5f85f39da64f8?pvs=21),TR-006,NFR
"The system MUST implement an RBAC permissions matrix with predefined roles: Admin, Supervisor, Reliability Engineer, Advanced Planner, Technician, Contractor. Each operation defines permitted roles.",396,Security,"September 24, 2026 8:17 AM",juan david julio serrano,NIST SP 800-192 (RBAC Framework),High,,TR-006-NFR-396,In Review,RBAC Authentication and Authorization (https://app.notion.com/p/RBAC-Authentication-and-Authorization-31887c56a8288099b6e5f85f39da64f8?pvs=21),TR-006,NFR
The system MUST record all denied access attempts in the audit trail [TR-001] to detect privilege escalation attempts.,397,Security,"September 24, 2026 8:17 AM",juan david julio serrano,"ISO/IEC 27001:2022, Annex A.8.15 (Logging)",High,,TR-006-NFR-397,In Review,RBAC Authentication and Authorization (https://app.notion.com/p/RBAC-Authentication-and-Authorization-31887c56a8288099b6e5f85f39da64f8?pvs=21),TR-006,NFR
"The system MUST support ownership-based access control: resources created by a user are accessible only by them, their supervisor, or an administrator.",398,Security,"September 24, 2026 8:17 AM",juan david julio serrano,NIST SP 800-162 (ABAC Framework),High,,TR-006-NFR-398,In Review,RBAC Authentication and Authorization (https://app.notion.com/p/RBAC-Authentication-and-Authorization-31887c56a8288099b6e5f85f39da64f8?pvs=21),TR-006,NFR
Tokens must expire at the end of the working day (8 hours). The client must support automatic renewal or re-authentication.,399,Security,"September 24, 2026 8:17 AM",juan david julio serrano,OWASP Session Management Cheat Sheet,High,,TR-006-NFR-399,In Review,RBAC Authentication and Authorization (https://app.notion.com/p/RBAC-Authentication-and-Authorization-31887c56a8288099b6e5f85f39da64f8?pvs=21),TR-006,NFR
Token signing keys must be securely stored in environment variables or a secrets manager.,400,Security,"September 24, 2026 8:17 AM",juan david julio serrano,NIST SP 800-57 Part 1 Rev. 5,High,,TR-006-NFR-400,In Review,RBAC Authentication and Authorization (https://app.notion.com/p/RBAC-Authentication-and-Authorization-31887c56a8288099b6e5f85f39da64f8?pvs=21),TR-006,NFR
Authorization verification MUST NOT add more than 5ms of latency to the request.,401,Performance Efficiency,"September 24, 2026 8:17 AM",juan david julio serrano,ISO/IEC 25010:2023 — Performance Efficiency (Time behavior),High,,TR-006-NFR-401,In Review,RBAC Authentication and Authorization (https://app.notion.com/p/RBAC-Authentication-and-Authorization-31887c56a8288099b6e5f85f39da64f8?pvs=21),TR-006,NFR
The system must mitigate security compromises via short token expiration and/or validation of the user's active state in the database.,402,Security,"September 24, 2026 8:17 AM",juan david julio serrano,OWASP Session Management Cheat Sheet,High,,TR-006-NFR-402,In Review,RBAC Authentication and Authorization (https://app.notion.com/p/RBAC-Authentication-and-Authorization-31887c56a8288099b6e5f85f39da64f8?pvs=21),TR-006,NFR
"The system MUST maintain a local replica of operational data necessary to operate offline: Work Orders, Equipment Units, schedules, and document metadata.",403,Functional Suitability,"September 24, 2026 8:17 AM",juan david julio serrano,Offline-First Design Principles,High,,TR-007-FR-403,In Review,Offline-First Synchronization (https://app.notion.com/p/Offline-First-Synchronization-31887c56a828809a8488e98e3d269c2c?pvs=21),TR-007,FR
"The system MUST enqueue operations performed offline with synchronization metadata (operation type, entity, data, synchronization state).",404,Functional Suitability,"September 24, 2026 8:17 AM",juan david julio serrano,Offline-First Design Principles (Message Queues),High,,TR-007-FR-404,In Review,Offline-First Synchronization (https://app.notion.com/p/Offline-First-Synchronization-31887c56a828809a8488e98e3d269c2c?pvs=21),TR-007,FR
"The system MUST automatically synchronize upon detecting connectivity, processing the queue in chronological order.",405,Functional Suitability,"September 24, 2026 8:17 AM",juan david julio serrano,Offline-First Design Principles (Conflict Resolution),High,,TR-007-FR-405,In Review,Offline-First Synchronization (https://app.notion.com/p/Offline-First-Synchronization-31887c56a828809a8488e98e3d269c2c?pvs=21),TR-007,FR
The system MUST implement incremental synchronization: transferring only records modified since the last successful synchronization.,406,Functional Suitability,"September 24, 2026 8:19 AM",juan david julio serrano,Offline-First Design Principles (Delta Sync),High,,TR-007-FR-406,In Review,Offline-First Synchronization (https://app.notion.com/p/Offline-First-Synchronization-31887c56a828809a8488e98e3d269c2c?pvs=21),TR-007,FR
"The system MUST resolve synchronization conflicts by preserving all operational transactions executed offline, processing them in strict chronological order against core business rules. Upon discrepancies, the system MUST register the event and issue an alert for administrative reconciliation, preventing silent loss of historical records.",407,Security,"September 24, 2026 8:19 AM",juan david julio serrano,ACID Database Transaction Properties (Consistency),High,,TR-007-NFR-407,In Review,Offline-First Synchronization (https://app.notion.com/p/Offline-First-Synchronization-31887c56a828809a8488e98e3d269c2c?pvs=21),TR-007,NFR
"The system MUST implement retries with exponential backoff for failed synchronizations, notifying the user after exhausting attempts.",408,Functional Suitability,"September 24, 2026 8:19 AM",juan david julio serrano,Enterprise Integration Patterns (Exponential Backoff),High,,TR-007-FR-408,In Review,Offline-First Synchronization (https://app.notion.com/p/Offline-First-Synchronization-31887c56a828809a8488e98e3d269c2c?pvs=21),TR-007,FR
"The local database must be encrypted [TR-002] using a key derived from the user's credentials. Without credentials, local data must be inaccessible.",409,Security,"September 24, 2026 8:19 AM",juan david julio serrano,OWASP Mobile Security Top 10 (Insecure Data Storage),High,,TR-007-NFR-409,In Review,Offline-First Synchronization (https://app.notion.com/p/Offline-First-Synchronization-31887c56a828809a8488e98e3d269c2c?pvs=21),TR-007,NFR
"The local cache must have a configurable size limit to avoid exhausting device storage, eliminating old records without pending operations.",410,Performance Efficiency,"September 24, 2026 8:19 AM",juan david julio serrano,ISO/IEC 25010:2023 — Performance Efficiency (Capacity),High,,TR-007-NFR-410,In Review,Offline-First Synchronization (https://app.notion.com/p/Offline-First-Synchronization-31887c56a828809a8488e98e3d269c2c?pvs=21),TR-007,NFR
"The interface must clearly display the synchronization state (synchronized, pending, failed) with a timestamp of the last successful synchronization.",411,Interaction Capability,"September 24, 2026 8:19 AM",juan david julio serrano,Nielsen Norman Group (NN/g) - Visibility of System Status,High,,TR-007-NFR-411,In Review,Offline-First Synchronization (https://app.notion.com/p/Offline-First-Synchronization-31887c56a828809a8488e98e3d269c2c?pvs=21),TR-007,NFR
Successful synchronizations must be recorded in the server's audit trail [TR-001].,412,Security,"September 24, 2026 8:19 AM",juan david julio serrano,"ISO/IEC 27001:2022, Annex A.8.15 (Logging)",High,,TR-007-NFR-412,In Review,Offline-First Synchronization (https://app.notion.com/p/Offline-First-Synchronization-31887c56a828809a8488e98e3d269c2c?pvs=21),TR-007,NFR
"The system MUST implement the master taxonomic hierarchy conforming to ISO 14224:2016, using standardized nomenclature for its levels and avoiding synonyms or local tags that alter the data model semantics.",413,Functional Suitability,"September 24, 2026 8:19 AM",juan david julio serrano,"ISO 14224:2016, Section 6 — Taxonomy",High,,TR-008-FR-413,In Review,ISO 14224 Hierarchy Management and Validation (https://app.notion.com/p/ISO-14224-Hierarchy-Management-and-Validation-31887c56a828804aa78dd1f9efb140dd?pvs=21),TR-008,FR
The system MUST validate component uniqueness: a Maintainable Item (Level 8) CANNOT belong to two Equipment Units (Level 6) simultaneously.,414,Functional Suitability,"September 24, 2026 8:19 AM",juan david julio serrano,"ISO 14224:2016, Section 6",High,,TR-008-FR-414,In Review,ISO 14224 Hierarchy Management and Validation (https://app.notion.com/p/ISO-14224-Hierarchy-Management-and-Validation-31887c56a828804aa78dd1f9efb140dd?pvs=21),TR-008,FR
The system MUST validate hierarchical integrity: each Equipment Unit must have a valid parent and a complete path from Level 1 must exist. Prevent deletion of parent levels with assigned dependents.,415,Security,"September 24, 2026 8:19 AM",juan david julio serrano,ACID Database Transaction Properties (Referential Integrity),High,,TR-008-NFR-415,In Review,ISO 14224 Hierarchy Management and Validation (https://app.notion.com/p/ISO-14224-Hierarchy-Management-and-Validation-31887c56a828804aa78dd1f9efb140dd?pvs=21),TR-008,NFR
The system MUST expose services to query Equipment Units by hierarchical level and full path from Level 1.,416,Functional Suitability,"September 24, 2026 8:19 AM",juan david julio serrano,RESTful API Design Patterns,High,,TR-008-FR-416,In Review,ISO 14224 Hierarchy Management and Validation (https://app.notion.com/p/ISO-14224-Hierarchy-Management-and-Validation-31887c56a828804aa78dd1f9efb140dd?pvs=21),TR-008,FR
"The system MUST prevent cycles in the hierarchy: an Equipment Unit cannot be the parent of its own ancestor, directly or indirectly.",417,Security,"September 24, 2026 8:19 AM",juan david julio serrano,ACID Database Transaction Properties (Referential Integrity),High,,TR-008-NFR-417,In Review,ISO 14224 Hierarchy Management and Validation (https://app.notion.com/p/ISO-14224-Hierarchy-Management-and-Validation-31887c56a828804aa78dd1f9efb140dd?pvs=21),TR-008,NFR
"The system MUST support searching and filtering Equipment Units by level, criticality, and operational status, and generate taxonomic coverage reports.",418,Functional Suitability,"September 24, 2026 8:19 AM",juan david julio serrano,"ISO 14224:2016, Annex C",High,,TR-008-FR-418,In Review,ISO 14224 Hierarchy Management and Validation (https://app.notion.com/p/ISO-14224-Hierarchy-Management-and-Validation-31887c56a828804aa78dd1f9efb140dd?pvs=21),TR-008,FR
"Uniqueness validations and searches by level must execute in <500ms for catalogs of up to 50,000 Equipment Units.",419,Performance Efficiency,"September 24, 2026 8:19 AM",juan david julio serrano,ISO/IEC 25010:2023 — Performance Efficiency (Time behavior),High,,TR-008-NFR-419,In Review,ISO 14224 Hierarchy Management and Validation (https://app.notion.com/p/ISO-14224-Hierarchy-Management-and-Validation-31887c56a828804aa78dd1f9efb140dd?pvs=21),TR-008,NFR
"Hierarchy creation/modification operations must be transactional: if validation fails, all changes are rolled back.",420,Security,"September 24, 2026 8:19 AM",juan david julio serrano,ACID Database Transaction Properties (Atomicity),High,,TR-008-NFR-420,In Review,ISO 14224 Hierarchy Management and Validation (https://app.notion.com/p/ISO-14224-Hierarchy-Management-and-Validation-31887c56a828804aa78dd1f9efb140dd?pvs=21),TR-008,NFR
"Validation errors must be specific and actionable, indicating exactly which component and relationship caused the problem.",421,Interaction Capability,"September 24, 2026 8:19 AM",juan david julio serrano,Nielsen Norman Group (NN/g) - Error Recovery,High,,TR-008-NFR-421,In Review,ISO 14224 Hierarchy Management and Validation (https://app.notion.com/p/ISO-14224-Hierarchy-Management-and-Validation-31887c56a828804aa78dd1f9efb140dd?pvs=21),TR-008,NFR
Hierarchy violations and taxonomy changes must be recorded in the audit trail [TR-001].,422,Security,"September 24, 2026 8:19 AM",juan david julio serrano,"ISO/IEC 27001:2022, Annex A.8.15 (Logging)",High,,TR-008-NFR-422,In Review,ISO 14224 Hierarchy Management and Validation (https://app.notion.com/p/ISO-14224-Hierarchy-Management-and-Validation-31887c56a828804aa78dd1f9efb140dd?pvs=21),TR-008,NFR
"The system MUST abstract integration with multiple AI providers behind a unified interface, supporting provider switching without affecting business logic and automatic failover.",423,Maintainability,"September 24, 2026 8:19 AM",juan david julio serrano,Gang of Four (GoF) Strategy Pattern,Medium,,TR-009-NFR-423,In Review,AI / LLM Framework (https://app.notion.com/p/AI-LLM-Framework-31887c56a8288057bac8e3328b4f1234?pvs=21),TR-009,NFR
"The system MUST implement a confidence score (0-100) for all AI operations, with visual indicators: green (>=85%), yellow (70-84%), red (<70%). Red results require manual validation.",424,Functional Suitability,"September 24, 2026 8:19 AM",juan david julio serrano,NIST AI Risk Management Framework (RMF) - Explainability,High,,TR-009-FR-424,In Review,AI / LLM Framework (https://app.notion.com/p/AI-LLM-Framework-31887c56a8288057bac8e3328b4f1234?pvs=21),TR-009,FR
"The system MUST record in the audit trail [TR-001] all AI invocations including: model, prompt hash, result hash, confidence score, user identifier.",425,Security,"September 24, 2026 8:19 AM",juan david julio serrano,NIST AI RMF - Accountability,High,,TR-009-NFR-425,In Review,AI / LLM Framework (https://app.notion.com/p/AI-LLM-Framework-31887c56a8288057bac8e3328b4f1234?pvs=21),TR-009,NFR
"The system MUST support fallback to manual processing: if the AI service is unavailable or confidence is insufficient, the user can complete fields manually.",426,Reliability,"September 24, 2026 8:19 AM",juan david julio serrano,Graceful Degradation Patterns,High,,TR-009-NFR-426,In Review,AI / LLM Framework (https://app.notion.com/p/AI-LLM-Framework-31887c56a8288057bac8e3328b4f1234?pvs=21),TR-009,NFR
"AI service invocation must complete in <30 seconds (95th percentile). If it exceeds 45 seconds, return an error and suggest manual fallback.",427,Performance Efficiency,"September 24, 2026 8:19 AM",juan david julio serrano,ISO/IEC 25010:2023 — Performance Efficiency (Time behavior),High,,TR-009-NFR-427,In Review,AI / LLM Framework (https://app.notion.com/p/AI-LLM-Framework-31887c56a8288057bac8e3328b4f1234?pvs=21),TR-009,NFR
"AI budget control shall be delegated to the provider's console via Hard Limits, not requiring an internal billing dashboard for the MVP.",428,Maintainability,"September 24, 2026 8:19 AM",juan david julio serrano,FinOps Framework Principles,Medium,,TR-009-NFR-428,In Review,AI / LLM Framework (https://app.notion.com/p/AI-LLM-Framework-31887c56a8288057bac8e3328b4f1234?pvs=21),TR-009,NFR
Data sent to external AI services MUST NOT contain Personally Identifiable Information (PII) unnecessary for the operation.,429,Security,"September 24, 2026 8:19 AM",juan david julio serrano,GDPR / Data Minimization Principles,High,,TR-009-NFR-429,In Review,AI / LLM Framework (https://app.notion.com/p/AI-LLM-Framework-31887c56a8288057bac8e3328b4f1234?pvs=21),TR-009,NFR
"The system MUST maintain persistent connections with connected clients, featuring automatic disconnection detection.",430,Functional Suitability,"September 24, 2026 8:19 AM",juan david julio serrano,WebSocket Architecture Guidelines,High,,TR-010-FR-430,In Review,Real-Time Synchronization (https://app.notion.com/p/Real-Time-Synchronization-31887c56a828809e859be1c2fbc2c55f?pvs=21),TR-010,FR
"The system MUST publish critical changes to all connected clients with <1 second latency: Work Permit (LOTO) changes, inventory movements, Work Order status updates.",431,Performance Efficiency,"September 24, 2026 8:19 AM",juan david julio serrano,Server-Sent Events (SSE) / WebSocket Patterns,High,,TR-010-NFR-431,In Review,Real-Time Synchronization (https://app.notion.com/p/Real-Time-Synchronization-31887c56a828809e859be1c2fbc2c55f?pvs=21),TR-010,NFR
"The system MUST synchronize user permissions in <10 seconds: if an administrator revokes a permission, the change must reflect in the affected user's active session.",432,Security,"September 24, 2026 8:19 AM",juan david julio serrano,OWASP Session Management Cheat Sheet,High,,TR-010-NFR-432,In Review,Real-Time Synchronization (https://app.notion.com/p/Real-Time-Synchronization-31887c56a828809e859be1c2fbc2c55f?pvs=21),TR-010,NFR
The system MUST implement authorization control on notifications: only sending updates to clients with authorized roles to view that information.,433,Security,"September 24, 2026 8:19 AM",juan david julio serrano,NIST SP 800-192 (RBAC Framework),High,,TR-010-NFR-433,In Review,Real-Time Synchronization (https://app.notion.com/p/Real-Time-Synchronization-31887c56a828809e859be1c2fbc2c55f?pvs=21),TR-010,NFR
The system must support 1000+ simultaneous connections without performance degradation.,434,Performance Efficiency,"September 24, 2026 8:19 AM",juan david julio serrano,ISO/IEC 25010:2023 — Performance Efficiency (Capacity),High,,TR-010-NFR-434,In Review,Real-Time Synchronization (https://app.notion.com/p/Real-Time-Synchronization-31887c56a828809e859be1c2fbc2c55f?pvs=21),TR-010,NFR
"The interface must render updates without flickering. Objective: >=30 FPS on mobile, >=60 FPS on desktop.",435,Performance Efficiency,"September 24, 2026 8:19 AM",juan david julio serrano,Web Rendering Optimization Standards,High,,TR-010-NFR-435,In Review,Real-Time Synchronization (https://app.notion.com/p/Real-Time-Synchronization-31887c56a828809e859be1c2fbc2c55f?pvs=21),TR-010,NFR
"If the real-time channel (e.g., SSE) is unavailable, the system must gracefully degrade to periodic polling.",436,Reliability,"September 24, 2026 8:19 AM",juan david julio serrano,Graceful Degradation Patterns,High,,TR-010-NFR-436,In Review,Real-Time Synchronization (https://app.notion.com/p/Real-Time-Synchronization-31887c56a828809e859be1c2fbc2c55f?pvs=21),TR-010,NFR
"The system MUST employ a neutral gray palette for operational screen backgrounds, minimizing non-functional contrast to reduce visual fatigue.",437,Interaction Capability,"September 24, 2026 8:19 AM",juan david julio serrano,The High Performance HMI Handbook (Hollifield),High,,TR-011-NFR-437,In Review,HPHMI Philosophy (https://app.notion.com/p/HPHMI-Philosophy-31887c56a82880579232cd9889f07d5c?pvs=21),TR-011,NFR
"The system MUST reserve the use of saturated colors (Red, Yellow, Orange) exclusively for signaling alarms or critical safety states.",438,Interaction Capability,"September 24, 2026 8:19 AM",juan david julio serrano,The High Performance HMI Handbook (Color Coding),High,,TR-011-NFR-438,In Review,HPHMI Philosophy (https://app.notion.com/p/HPHMI-Philosophy-31887c56a82880579232cd9889f07d5c?pvs=21),TR-011,NFR
"The system MUST prefer analog-style indicators (moving bars, gauges with shaded normal ranges) over simple digital values to provide immediate context.",439,Interaction Capability,"September 24, 2026 8:19 AM",juan david julio serrano,The High Performance HMI Handbook (Symbology),High,,TR-011-NFR-439,In Review,HPHMI Philosophy (https://app.notion.com/p/HPHMI-Philosophy-31887c56a82880579232cd9889f07d5c?pvs=21),TR-011,NFR
"The system MUST avoid decorative animations (e.g., spinning pumps, moving flow) unless they represent a critical safety warning.",440,Interaction Capability,"September 24, 2026 8:19 AM",juan david julio serrano,The High Performance HMI Handbook,High,,TR-011-NFR-440,In Review,HPHMI Philosophy (https://app.notion.com/p/HPHMI-Philosophy-31887c56a82880579232cd9889f07d5c?pvs=21),TR-011,NFR
The alarm color palette must comply with the WCAG 2.1 AA standard to guarantee legibility for individuals with color blindness.,441,Interaction Capability,"September 24, 2026 8:21 AM",juan david julio serrano,W3C Web Content Accessibility Guidelines (WCAG) 2.1 AA,High,,TR-011-NFR-441,In Review,HPHMI Philosophy (https://app.notion.com/p/HPHMI-Philosophy-31887c56a82880579232cd9889f07d5c?pvs=21),TR-011,NFR
"The contrast between the gray background and static elements (piping, vessels) must be sufficient for visibility under high-illumination plant conditions.",442,Interaction Capability,"September 24, 2026 8:21 AM",juan david julio serrano,The High Performance HMI Handbook (Contrast Ratios),High,,TR-011-NFR-442,In Review,HPHMI Philosophy (https://app.notion.com/p/HPHMI-Philosophy-31887c56a82880579232cd9889f07d5c?pvs=21),TR-011,NFR
"The system shall allow the configuration of preventive plans associated with cumulative usage variables (e.g., hour meters, cycle counters, processed volume).",583,Functional Suitability,"September 24, 2026 8:21 AM",juan david julio serrano,"ISO 14224:2016, Annex E — Usage Metrics",High,Usage or Telemetry-Based Preventive Maintenance Scheduling (https://app.notion.com/p/Usage-or-Telemetry-Based-Preventive-Maintenance-Scheduling-39287c56a8288004b31df9fc4c104021?pvs=21),FR-583,Draft,,,FR
The system shall provide an API interface (REST endpoint) to receive external counter readings originating from SCADA systems or IoT devices.,584,Functional Suitability,"September 24, 2026 8:21 AM",juan david julio serrano,RESTful API Design Patterns,High,Usage or Telemetry-Based Preventive Maintenance Scheduling (https://app.notion.com/p/Usage-or-Telemetry-Based-Preventive-Maintenance-Scheduling-39287c56a8288004b31df9fc4c104021?pvs=21),FR-584,Draft,,,FR
The system shall calculate the cumulative usage value and automatically trigger the creation of a Work Order when telemetry reaches or exceeds the configured threshold.,585,Functional Suitability,"September 24, 2026 8:21 AM",juan david julio serrano,Reliability-Centered Maintenance (RCM) Principles,High,Usage or Telemetry-Based Preventive Maintenance Scheduling (https://app.notion.com/p/Usage-or-Telemetry-Based-Preventive-Maintenance-Scheduling-39287c56a8288004b31df9fc4c104021?pvs=21),FR-585,Draft,,,FR
The system shall block the processing of usage readings presenting values lower than the historical cumulative of the Equipment Unit to prevent misadjustments due to incorrect resets.,586,Functional Suitability,"September 24, 2026 8:21 AM",juan david julio serrano,Data Validation Best Practices (Monotonicity Checks),High,Usage or Telemetry-Based Preventive Maintenance Scheduling (https://app.notion.com/p/Usage-or-Telemetry-Based-Preventive-Maintenance-Scheduling-39287c56a8288004b31df9fc4c104021?pvs=21),FR-586,Draft,,,FR
The Planner may manually record counter readings from the Equipment Unit's technical record as a fallback mechanism against telemetry failures.,587,Functional Suitability,"September 24, 2026 8:21 AM",juan david julio serrano,Graceful Degradation Patterns,Medium,Usage or Telemetry-Based Preventive Maintenance Scheduling (https://app.notion.com/p/Usage-or-Telemetry-Based-Preventive-Maintenance-Scheduling-39287c56a8288004b31df9fc4c104021?pvs=21),FR-587,Draft,,,FR
The processing of the telemetry frame and the evaluation of Work Order trigger rules must not exceed 3 seconds from ingestion.,588,Performance Efficiency,"September 24, 2026 8:21 AM",juan david julio serrano,ISO/IEC 25010:2023 — Performance Efficiency (Time behavior),High,Usage or Telemetry-Based Preventive Maintenance Scheduling (https://app.notion.com/p/Usage-or-Telemetry-Based-Preventive-Maintenance-Scheduling-39287c56a8288004b31df9fc4c104021?pvs=21),NFR-588,Draft,,,NFR
The IoT data reception channel must implement authentication and TLS 1.3 encryption to prevent the injection of malicious telemetry data.,589,Security,"September 24, 2026 8:21 AM",juan david julio serrano,NIST SP 800-52 (TLS 1.3 Guidelines) / OWASP IoT Top 10,High,Usage or Telemetry-Based Preventive Maintenance Scheduling (https://app.notion.com/p/Usage-or-Telemetry-Based-Preventive-Maintenance-Scheduling-39287c56a8288004b31df9fc4c104021?pvs=21),NFR-589,Draft,,,NFR
The system shall maintain the precision of cumulative counters using high-precision data types to prevent rounding errors in massive operations.,590,Functional Suitability,"September 24, 2026 8:21 AM",juan david julio serrano,IEEE 754 (Floating-Point Arithmetic),High,Usage or Telemetry-Based Preventive Maintenance Scheduling (https://app.notion.com/p/Usage-or-Telemetry-Based-Preventive-Maintenance-Scheduling-39287c56a8288004b31df9fc4c104021?pvs=21),FR-590,Draft,,,FR
The system shall provide a technical interface to perform the substitution of a physical Level 6 Equipment Unit assigned to a Level 5 (or lower) Functional Location.,591,Functional Suitability,"September 24, 2026 8:21 AM",juan david julio serrano,"ISO 14224:2016, Section 6 — Taxonomy (Asset Rotation)",High,Equipment Swap (https://app.notion.com/p/Equipment-Swap-39287c56a82880708eccc6339f49ec9a?pvs=21),FR-591,Draft,,,FR
"Upon executing the substitution, the system shall atomically update the uninstalled Equipment Unit's status to ""In Repair"", ""Damaged"", or ""In Storage"" according to user selection.",592,Functional Suitability,"September 24, 2026 8:21 AM",juan david julio serrano,ACID Database Transaction Properties (Atomicity),High,Equipment Swap (https://app.notion.com/p/Equipment-Swap-39287c56a82880708eccc6339f49ec9a?pvs=21),FR-592,Draft,,,FR
"The system shall validate that the selected replacement Equipment Unit is in an ""Available"" or ""In Stock"" status within the warehouse, blocking the operation if it is already linked to another location or out of service.",593,Functional Suitability,"September 24, 2026 8:21 AM",juan david julio serrano,ISO 14224:2016 — Asset States,High,Equipment Swap (https://app.notion.com/p/Equipment-Swap-39287c56a82880708eccc6339f49ec9a?pvs=21),FR-593,Draft,,,FR
"Following substitution, the system shall associate the new physical Equipment Unit to the Functional Location, immediately changing its operational status to ""Operational"".",594,Functional Suitability,"September 24, 2026 8:21 AM",juan david julio serrano,"ISO 14224:2016, Section 6 — Taxonomy",High,Equipment Swap (https://app.notion.com/p/Equipment-Swap-39287c56a82880708eccc6339f49ec9a?pvs=21),FR-594,Draft,,,FR
"The system shall mandatorily record the rotation details in the audit log: Functional Location identifier, uninstalled Equipment Unit Tag, installed Equipment Unit Tag, user, timestamp, and the Work Order justifying the action.",595,Functional Suitability,"September 24, 2026 8:21 AM",juan david julio serrano,"ISO/IEC 27001:2022, Annex A.8.15 (Logging)",High,Equipment Swap (https://app.notion.com/p/Equipment-Swap-39287c56a82880708eccc6339f49ec9a?pvs=21),FR-595,Draft,,,FR
The Equipment Unit substitution transaction must execute under a single-commit schema in the database to ensure unlinking and linking actions are applied together or fail entirely.,596,Reliability,"September 24, 2026 8:21 AM",juan david julio serrano,ACID Database Transaction Properties (Atomicity),High,Equipment Swap (https://app.notion.com/p/Equipment-Swap-39287c56a82880708eccc6339f49ec9a?pvs=21),NFR-596,Draft,,,NFR
The update of the hierarchical structure and the status change of both Equipment Units must complete in < 2 seconds on the server.,597,Performance Efficiency,"September 24, 2026 8:21 AM",juan david julio serrano,ISO/IEC 25010:2023 — Performance Efficiency (Time behavior),High,Equipment Swap (https://app.notion.com/p/Equipment-Swap-39287c56a82880708eccc6339f49ec9a?pvs=21),NFR-597,Draft,,,NFR
The system shall render vectorial plans ensuring interactive compatibility (panning and selection) across mobile and desktop devices.,598,Functional Suitability,"September 24, 2026 8:21 AM",juan david julio serrano,W3C SVG Standards / Responsive Design,High,Base Visualization and 2D Equipment Inspection (https://app.notion.com/p/Base-Visualization-and-2D-Equipment-Inspection-39287c56a82880b099cbc2b63603715c?pvs=21),FR-598,Draft,,,FR
"The system shall dynamically link the graphic elements of the plan with the physical Equipment Unit records in the master catalog, guaranteeing a bidirectional correspondence.",599,Functional Suitability,"September 24, 2026 8:21 AM",juan david julio serrano,ISO 14224:2016 — Data Mapping,High,Base Visualization and 2D Equipment Inspection (https://app.notion.com/p/Base-Visualization-and-2D-Equipment-Inspection-39287c56a82880b099cbc2b63603715c?pvs=21),FR-599,Draft,,,FR
"Upon selecting a mapped geometry, the system shall deploy a contextual information panel including: Identifier (Tag), Operational Status, Criticality, and physical variables.",600,Functional Suitability,"September 24, 2026 8:21 AM",juan david julio serrano,Nielsen Norman Group (NN/g) - Contextual Information,High,Base Visualization and 2D Equipment Inspection (https://app.notion.com/p/Base-Visualization-and-2D-Equipment-Inspection-39287c56a82880b099cbc2b63603715c?pvs=21),FR-600,Draft,,,FR
"The inspection panel shall present real-time updates of the sensors associated with the selected equipment, automatically reflecting telemetry changes.",601,Functional Suitability,"September 24, 2026 8:21 AM",juan david julio serrano,WebSockets / SSE Architecture Guidelines,High,Base Visualization and 2D Equipment Inspection (https://app.notion.com/p/Base-Visualization-and-2D-Equipment-Inspection-39287c56a82880b099cbc2b63603715c?pvs=21),FR-601,Draft,,,FR
"The system shall apply the HPHMI philosophy [TR-011], utilizing neutral backgrounds and reserving high-contrast colors exclusively for alarms or anomalies.",602,Functional Suitability,"September 24, 2026 8:21 AM",juan david julio serrano,The High Performance HMI Handbook (Color Coding),High,Base Visualization and 2D Equipment Inspection (https://app.notion.com/p/Base-Visualization-and-2D-Equipment-Inspection-39287c56a82880b099cbc2b63603715c?pvs=21),FR-602,Draft,,,FR
The initial load of the vectorial plan and asset mapping must complete in < 2 seconds over standard industrial networks.,603,Performance Efficiency,"September 24, 2026 8:21 AM",juan david julio serrano,ISO/IEC 25010:2023 — Performance Efficiency (Time behavior),High,Base Visualization and 2D Equipment Inspection (https://app.notion.com/p/Base-Visualization-and-2D-Equipment-Inspection-39287c56a82880b099cbc2b63603715c?pvs=21),NFR-603,Draft,,,NFR
The update of telemetry readings in the side panel must reflect in < 1 second from data reception at the server [TR-010].,604,Performance Efficiency,"September 24, 2026 8:21 AM",juan david julio serrano,ISO/IEC 25010:2023 — Performance Efficiency (Time behavior),High,Base Visualization and 2D Equipment Inspection (https://app.notion.com/p/Base-Visualization-and-2D-Equipment-Inspection-39287c56a82880b099cbc2b63603715c?pvs=21),NFR-604,Draft,,,NFR
The rendering engine must maintain a minimum rate of 30 FPS during map panning and zooming on mobile devices.,605,Performance Efficiency,"September 24, 2026 8:21 AM",juan david julio serrano,Web Rendering Optimization Standards,High,Base Visualization and 2D Equipment Inspection (https://app.notion.com/p/Base-Visualization-and-2D-Equipment-Inspection-39287c56a82880b099cbc2b63603715c?pvs=21),NFR-605,Draft,,,NFR